{
  "trial_id": "control1__surprising_falsehood__m0.4__s46",
  "mode": "control1",
  "perturbation_type": "surprising_falsehood",
  "magnitude": 0.4,
  "seed": 46,
  "n_beats": 600,
  "theta_baseline": 1.1530680836725404,
  "theta_peak": 1.051092150621362,
  "theta_final": 0.9297185822865762,
  "dr_ratio": 0.9115612213232167,
  "recovery_profile": -1.190217776912835,
  "aos_g_mean": 3.8591578006744385,
  "aos_g_peak": 6.830292224884033,
  "per_organ_theta_baseline": {
    "anima": 0.21705866571902058,
    "eidolon": 0.4128275116003383,
    "mneme": 0.20841460012774513,
    "nous": 0.2803182110497145,
    "pneuma": 0.35859787362274437
  },
  "per_organ_theta_peak": {
    "anima": 0.2215683667375733,
    "eidolon": 0.47754808915642,
    "mneme": 0.19480055221410517,
    "nous": 0.2327919579992341,
    "pneuma": 0.3594236551310123
  },
  "per_organ_theta_recovery": {
    "anima": 0.18346492607360804,
    "eidolon": 0.3971902083046638,
    "mneme": 0.18346007123218336,
    "nous": 0.22213959259594634,
    "pneuma": 0.3583095234522745
  },
  "cascade_time_to_peak": {
    "anima": 236,
    "eidolon": 218,
    "mneme": 234,
    "nous": 203,
    "pneuma": 200
  },
  "cascade_delay": 18,
  "recovery_asymmetry": 15,
  "adaptation_delta": -0.01563730329567453,
  "elapsed_s": 0.13431942299939692
}