{
  "trial_id": "surprising_falsehood_s44",
  "condition": "surprising_falsehood",
  "seed": 44,
  "n_beats": 600,
  "baseline_mean_delta": 2.8538436889648438,
  "baseline_std_delta": 1.6862519979476929,
  "pre_pert_mean_delta": 3.6298136711120605,
  "post_pert_mean_delta": 5.785827159881592,
  "post_pre_ratio": 1.5939736366271973,
  "peak_delta": 8.993274688720703,
  "peak_beat": 211,
  "recovery_half_life_beats": 11.0,
  "theta_gap_correlation": -0.37569784097448977,
  "cascade_per_organ": {
    "anima": {
      "peak_beat": 215,
      "peak_z": 3.105447769165039
    },
    "eidolon": {
      "peak_beat": 204,
      "peak_z": 2.4849772453308105
    },
    "mneme": {
      "peak_beat": 207,
      "peak_z": 4.29887580871582
    },
    "nous": {
      "peak_beat": 214,
      "peak_z": 4.680408477783203
    },
    "pneuma": {
      "peak_beat": 205,
      "peak_z": 3.1666812896728516
    }
  },
  "cascade_order": [
    "eidolon",
    "pneuma",
    "mneme",
    "nous",
    "anima"
  ],
  "cascade_delays": [
    0,
    1,
    3,
    10,
    11
  ],
  "n_events": 80,
  "elapsed_s": 0.1559475229587406
}