{
  "trial_id": "control2__nonsense__m0.7__s45",
  "mode": "control2",
  "perturbation_type": "nonsense",
  "magnitude": 0.7,
  "seed": 45,
  "n_beats": 600,
  "theta_baseline": 1.3982275997030424,
  "theta_peak": 1.5191364488703423,
  "theta_final": 1.520634750872676,
  "dr_ratio": 1.0864729384493472,
  "recovery_profile": -0.012391996224036736,
  "aos_g_mean": 5.084804534912109,
  "aos_g_peak": 11.161970138549805,
  "per_organ_theta_baseline": {
    "anima": 0.3076482670098448,
    "eidolon": 0.3673589613499819,
    "mneme": 0.18984725651190232,
    "nous": 0.2627649542165772,
    "pneuma": 0.32236444460233615
  },
  "per_organ_theta_peak": {
    "anima": 0.2737490099405462,
    "eidolon": 0.2169024206112975,
    "mneme": 0.42083761902199796,
    "nous": 0.5212591829260658,
    "pneuma": 0.23875466704870743
  },
  "per_organ_theta_recovery": {
    "anima": 0.26249212538228567,
    "eidolon": 0.34653731808761556,
    "mneme": 0.22897937574959654,
    "nous": 0.2386789549721134,
    "pneuma": 0.3005626827221835
  },
  "cascade_time_to_peak": {
    "anima": 237,
    "eidolon": 247,
    "mneme": 237,
    "nous": 237,
    "pneuma": 248
  },
  "cascade_delay": -10,
  "recovery_asymmetry": 10,
  "adaptation_delta": -0.02082164326236635,
  "elapsed_s": 0.158227443927899
}