{
  "trial_id": "control1__nonsense__m0.4__s42",
  "mode": "control1",
  "perturbation_type": "nonsense",
  "magnitude": 0.4,
  "seed": 42,
  "n_beats": 600,
  "theta_baseline": 1.162645913045778,
  "theta_peak": 1.0427798212200896,
  "theta_final": 0.9964834910190091,
  "dr_ratio": 0.896902323845378,
  "recovery_profile": -0.3862337504788719,
  "aos_g_mean": 4.385860443115234,
  "aos_g_peak": 8.107159614562988,
  "per_organ_theta_baseline": {
    "anima": 0.2702489361085829,
    "eidolon": 0.40941330910331447,
    "mneme": 0.1552801403988657,
    "nous": 0.2218491969853905,
    "pneuma": 0.35859923385895864
  },
  "per_organ_theta_peak": {
    "anima": 0.21553766362015322,
    "eidolon": 0.4643064955627722,
    "mneme": 0.16758784871356283,
    "nous": 0.18284997243674675,
    "pneuma": 0.3594241003420839
  },
  "per_organ_theta_recovery": {
    "anima": 0.20518012925548446,
    "eidolon": 0.4377695434361039,
    "mneme": 0.1776974436752764,
    "nous": 0.2398401578624749,
    "pneuma": 0.35830941028674224
  },
  "cascade_time_to_peak": {
    "anima": 212,
    "eidolon": 207,
    "mneme": 223,
    "nous": 202,
    "pneuma": 200
  },
  "cascade_delay": 5,
  "recovery_asymmetry": 5,
  "adaptation_delta": 0.028356234332789443,
  "elapsed_s": 0.1354136560112238
}