{
  "trial_id": "control2__nonsense__m1.0__s42",
  "mode": "control2",
  "perturbation_type": "nonsense",
  "magnitude": 1.0,
  "seed": 42,
  "n_beats": 600,
  "theta_baseline": 1.3021218579522615,
  "theta_peak": 1.1269220120796508,
  "theta_final": 1.375046207928603,
  "dr_ratio": 0.8654504992734452,
  "recovery_profile": 1.41623524046571,
  "aos_g_mean": 4.277468681335449,
  "aos_g_peak": 9.125669479370117,
  "per_organ_theta_baseline": {
    "anima": 0.3039845703206475,
    "eidolon": 0.3242194189558454,
    "mneme": 0.17777225750114772,
    "nous": 0.306032845230906,
    "pneuma": 0.2531766292084568
  },
  "per_organ_theta_peak": {
    "anima": 0.27615240338207914,
    "eidolon": 0.19932060000930266,
    "mneme": 0.23823155703416035,
    "nous": 0.2597239845589251,
    "pneuma": 0.2572088384680823
  },
  "per_organ_theta_recovery": {
    "anima": 0.2246451980121937,
    "eidolon": 0.28272503399514615,
    "mneme": 0.22417992267300627,
    "nous": 0.3026767481263651,
    "pneuma": 0.24799459056890844
  },
  "cascade_time_to_peak": {
    "anima": 246,
    "eidolon": 212,
    "mneme": 236,
    "nous": 246,
    "pneuma": 240
  },
  "cascade_delay": 34,
  "recovery_asymmetry": -34,
  "adaptation_delta": -0.04149438496069924,
  "elapsed_s": 0.15514101786538959
}