{
  "trial_id": "control1__baseline__m1.0__s42",
  "mode": "control1",
  "perturbation_type": "baseline",
  "magnitude": 1.0,
  "seed": 42,
  "n_beats": 600,
  "theta_baseline": 1.162645913045778,
  "theta_peak": 0.9697333837220219,
  "theta_final": 0.9964834910190091,
  "dr_ratio": 0.8340745646123814,
  "recovery_profile": 0.138664437145468,
  "aos_g_mean": 4.385409832000732,
  "aos_g_peak": 8.104735374450684,
  "per_organ_theta_baseline": {
    "anima": 0.2702489361085829,
    "eidolon": 0.40941330910331447,
    "mneme": 0.1552801403988657,
    "nous": 0.2218491969853905,
    "pneuma": 0.35859923385895864
  },
  "per_organ_theta_peak": {
    "anima": 0.22448873486758575,
    "eidolon": 0.4199861703522407,
    "mneme": 0.1561214061652773,
    "nous": 0.17955818361919346,
    "pneuma": 0.3594240403784482
  },
  "per_organ_theta_recovery": {
    "anima": 0.20518012925548446,
    "eidolon": 0.4377695434361039,
    "mneme": 0.1776974436752764,
    "nous": 0.2398401578624749,
    "pneuma": 0.35830941028674224
  },
  "cascade_time_to_peak": {
    "anima": 212,
    "eidolon": 244,
    "mneme": 223,
    "nous": 202,
    "pneuma": 200
  },
  "cascade_delay": -32,
  "recovery_asymmetry": 42,
  "adaptation_delta": 0.028356234332789443,
  "elapsed_s": 0.13235813984647393
}