{
  "trial_id": "control1__random_perturbation__m0.7__s44",
  "mode": "control1",
  "perturbation_type": "random_perturbation",
  "magnitude": 0.7,
  "seed": 44,
  "n_beats": 600,
  "theta_baseline": 1.1703846783869711,
  "theta_peak": 1.15322583773919,
  "theta_final": 0.9987940594857256,
  "dr_ratio": 0.985339144501251,
  "recovery_profile": -9.000128937815742,
  "aos_g_mean": 4.2377753257751465,
  "aos_g_peak": 5.829690933227539,
  "per_organ_theta_baseline": {
    "anima": 0.24703307058429955,
    "eidolon": 0.43876571028402767,
    "mneme": 0.21641965695636628,
    "nous": 0.20699440109561798,
    "pneuma": 0.35859706959534754
  },
  "per_organ_theta_peak": {
    "anima": 0.22532003829668298,
    "eidolon": 0.4356858110405556,
    "mneme": 0.19839828155426859,
    "nous": 0.217303783978684,
    "pneuma": 0.3594244591114499
  },
  "per_organ_theta_recovery": {
    "anima": 0.24820701357984312,
    "eidolon": 0.42305337851020386,
    "mneme": 0.254531607630043,
    "nous": 0.20240535152497566,
    "pneuma": 0.3583096896152427
  },
  "cascade_time_to_peak": {
    "anima": 249,
    "eidolon": 220,
    "mneme": 234,
    "nous": 247,
    "pneuma": 200
  },
  "cascade_delay": 29,
  "recovery_asymmetry": -27,
  "adaptation_delta": -0.015712331773823807,
  "elapsed_s": 0.13291056104935706
}