{
  "trial_id": "baseline__direct_contradiction__m0.7__s44",
  "mode": "baseline",
  "perturbation_type": "direct_contradiction",
  "magnitude": 0.7,
  "seed": 44,
  "n_beats": 600,
  "theta_baseline": 1.372172179376025,
  "theta_peak": 1.2934382338948105,
  "theta_final": 1.19717336927976,
  "dr_ratio": 0.9426209431552404,
  "recovery_profile": -1.2226602391978278,
  "aos_g_mean": 4.996962070465088,
  "aos_g_peak": 9.152180671691895,
  "per_organ_theta_baseline": {
    "anima": 0.29773152770066547,
    "eidolon": 0.24616301247336775,
    "mneme": 0.22247447132346107,
    "nous": 0.26727857213645245,
    "pneuma": 0.26865762440776797
  },
  "per_organ_theta_peak": {
    "anima": 0.28904575703042285,
    "eidolon": 0.2258230090996595,
    "mneme": 0.25786833276868565,
    "nous": 0.25591114591853187,
    "pneuma": 0.29630911935547055
  },
  "per_organ_theta_recovery": {
    "anima": 0.31052242183658146,
    "eidolon": 0.24166624267570552,
    "mneme": 0.17577387632638264,
    "nous": 0.2076664334768483,
    "pneuma": 0.22044047777611814
  },
  "cascade_time_to_peak": {
    "anima": 219,
    "eidolon": 202,
    "mneme": 207,
    "nous": 218,
    "pneuma": 205
  },
  "cascade_delay": 17,
  "recovery_asymmetry": -16,
  "adaptation_delta": -0.004496769797662226,
  "elapsed_s": 0.1496248720213771
}