{
  "trial_id": "k2__s42",
  "mode": "phi_scale",
  "perturbation_type": "baseline",
  "magnitude": 1.0,
  "seed": 42,
  "n_beats": 600,
  "theta_baseline": 1.608736713390098,
  "theta_peak": 1.639797569767836,
  "theta_final": 1.323493698193738,
  "dr_ratio": 1.0193076070927003,
  "recovery_profile": 10.183359651371388,
  "aos_g_mean": 1.5968979597091675,
  "aos_g_peak": 1.6351197957992554,
  "per_organ_theta_baseline": {
    "anima": 0.17000652635260874,
    "eidolon": 0.38913906883523725,
    "mneme": 0.3850714127885497,
    "nous": 0.38913906883523725,
    "pneuma": 0.15239861172108868
  },
  "per_organ_theta_peak": {
    "anima": 0.14104455435579624,
    "eidolon": 0.3900418254804477,
    "mneme": 0.3859640460860054,
    "nous": 0.3900418254804477,
    "pneuma": 0.15730265950361305
  },
  "per_organ_theta_recovery": {
    "anima": 0.13305378709291302,
    "eidolon": 0.3888250598477742,
    "mneme": 0.3847609301580968,
    "nous": 0.3888250598477742,
    "pneuma": 0.13995959215491513
  },
  "cascade_time_to_peak": {
    "anima": 200,
    "eidolon": 220,
    "mneme": 222,
    "nous": 214,
    "pneuma": 240
  },
  "cascade_delay": -20,
  "recovery_asymmetry": 6,
  "adaptation_delta": -0.0003140089874630325,
  "elapsed_s": 0.15600855997763574,
  "organ_count": 2,
  "theta_method": "cross_organ"
}