{
  "trial_id": "control1__direct_contradiction__m0.7__s43",
  "mode": "control1",
  "perturbation_type": "direct_contradiction",
  "magnitude": 0.7,
  "seed": 43,
  "n_beats": 600,
  "theta_baseline": 0.8217804780524139,
  "theta_peak": 1.0938572604181953,
  "theta_final": 1.1857110428171638,
  "dr_ratio": 1.3310820707381517,
  "recovery_profile": -0.33760242825674036,
  "aos_g_mean": 4.075924873352051,
  "aos_g_peak": 5.538406848907471,
  "per_organ_theta_baseline": {
    "anima": 0.18580546340689458,
    "eidolon": 0.4237892383178245,
    "mneme": 0.18613428355172465,
    "nous": 0.19204630886488444,
    "pneuma": 0.35859713129715237
  },
  "per_organ_theta_peak": {
    "anima": 0.19922305815747418,
    "eidolon": 0.4005112356479494,
    "mneme": 0.2474613655695643,
    "nous": 0.27289326399573477,
    "pneuma": 0.3594245751824823
  },
  "per_organ_theta_recovery": {
    "anima": 0.21907008966287128,
    "eidolon": 0.41127833208787035,
    "mneme": 0.23668494248137045,
    "nous": 0.20948481458590956,
    "pneuma": 0.3583107714046067
  },
  "cascade_time_to_peak": {
    "anima": 231,
    "eidolon": 201,
    "mneme": 239,
    "nous": 228,
    "pneuma": 200
  },
  "cascade_delay": 30,
  "recovery_asymmetry": -27,
  "adaptation_delta": -0.012510906229954155,
  "elapsed_s": 0.1349740088917315
}