{
  "trial_id": "control1__baseline__m1.0__s44",
  "mode": "control1",
  "perturbation_type": "baseline",
  "magnitude": 1.0,
  "seed": 44,
  "n_beats": 600,
  "theta_baseline": 1.1703846783869711,
  "theta_peak": 1.7373705910450306,
  "theta_final": 0.9994114782990438,
  "dr_ratio": 1.4844440662359675,
  "recovery_profile": 1.3015475274974577,
  "aos_g_mean": 4.183894634246826,
  "aos_g_peak": 5.442699432373047,
  "per_organ_theta_baseline": {
    "anima": 0.24703307058429955,
    "eidolon": 0.43876571028402767,
    "mneme": 0.21641965695636628,
    "nous": 0.20699440109561798,
    "pneuma": 0.35859706959534754
  },
  "per_organ_theta_peak": {
    "anima": 0.2783528939956484,
    "eidolon": 0.41054123916374996,
    "mneme": 0.20899770808967,
    "nous": 0.539942836080703,
    "pneuma": 0.3729367623317354
  },
  "per_organ_theta_recovery": {
    "anima": 0.24853682619249265,
    "eidolon": 0.4231660515315156,
    "mneme": 0.25453997672614903,
    "nous": 0.20250255821751476,
    "pneuma": 0.35830968992115275
  },
  "cascade_time_to_peak": {
    "anima": 249,
    "eidolon": 247,
    "mneme": 234,
    "nous": 235,
    "pneuma": 200
  },
  "cascade_delay": 2,
  "recovery_asymmetry": 12,
  "adaptation_delta": -0.015599658752512069,
  "elapsed_s": 0.13011216884478927
}