{
  "trial_id": "control4__surprising_falsehood__m0.4__s46",
  "mode": "control4",
  "perturbation_type": "surprising_falsehood",
  "magnitude": 0.4,
  "seed": 46,
  "n_beats": 600,
  "theta_baseline": 1.241144554400876,
  "theta_peak": 1.1171866378795154,
  "theta_final": 1.191422292556845,
  "dr_ratio": 0.9001261246469414,
  "recovery_profile": 0.5988778834027693,
  "aos_g_mean": 0.0,
  "aos_g_peak": 0.0,
  "per_organ_theta_baseline": {
    "anima": 0.24570810030961573,
    "eidolon": 0.26295512785041747,
    "mneme": 0.1875191904082334,
    "nous": 0.25793647640127093,
    "pneuma": 0.24905811465105804
  },
  "per_organ_theta_peak": {
    "anima": 0.25030992325205886,
    "eidolon": 0.23534276747125682,
    "mneme": 0.17845278428733086,
    "nous": 0.32423386982298535,
    "pneuma": 0.24931427310881352
  },
  "per_organ_theta_recovery": {
    "anima": 0.21589241010713722,
    "eidolon": 0.2896972287639083,
    "mneme": 0.2350913572545427,
    "nous": 0.27397163826104415,
    "pneuma": 0.2131042092248621
  },
  "cascade_time_to_peak": {
    "anima": 200,
    "eidolon": 200,
    "mneme": 200,
    "nous": 200,
    "pneuma": 200
  },
  "cascade_delay": 0,
  "recovery_asymmetry": 0,
  "adaptation_delta": 0.02674210091349083,
  "elapsed_s": 0.06859194487333298
}