{
  "trial_id": "control2__random_perturbation__m0.4__s42",
  "mode": "control2",
  "perturbation_type": "random_perturbation",
  "magnitude": 0.4,
  "seed": 42,
  "n_beats": 600,
  "theta_baseline": 1.3021218579522615,
  "theta_peak": 1.2968313612073739,
  "theta_final": 1.3748437540971632,
  "dr_ratio": 0.9959370187109772,
  "recovery_profile": 14.745759548037585,
  "aos_g_mean": 4.25691556930542,
  "aos_g_peak": 9.336774826049805,
  "per_organ_theta_baseline": {
    "anima": 0.3039845703206475,
    "eidolon": 0.3242194189558454,
    "mneme": 0.17777225750114772,
    "nous": 0.306032845230906,
    "pneuma": 0.2531766292084568
  },
  "per_organ_theta_peak": {
    "anima": 0.2644617352051064,
    "eidolon": 0.30445788701069565,
    "mneme": 0.24250466621215414,
    "nous": 0.2656667840692334,
    "pneuma": 0.29229138845070896
  },
  "per_organ_theta_recovery": {
    "anima": 0.22454694119843216,
    "eidolon": 0.28264531474130783,
    "mneme": 0.2241777249783342,
    "nous": 0.30267658850942747,
    "pneuma": 0.24793429094321928
  },
  "cascade_time_to_peak": {
    "anima": 246,
    "eidolon": 247,
    "mneme": 236,
    "nous": 246,
    "pneuma": 240
  },
  "cascade_delay": -1,
  "recovery_asymmetry": 1,
  "adaptation_delta": -0.041574104214537555,
  "elapsed_s": 0.15396143798716366
}