{
  "trial_id": "baseline__nonsense__m1.0__s42",
  "mode": "baseline",
  "perturbation_type": "nonsense",
  "magnitude": 1.0,
  "seed": 42,
  "n_beats": 600,
  "theta_baseline": 1.3321881893586909,
  "theta_peak": 1.207050070259168,
  "theta_final": 1.4164806524582123,
  "dr_ratio": 0.9060657344817298,
  "recovery_profile": 1.6735954136603512,
  "aos_g_mean": 4.228874683380127,
  "aos_g_peak": 9.230229377746582,
  "per_organ_theta_baseline": {
    "anima": 0.3235137443123286,
    "eidolon": 0.3191239643414715,
    "mneme": 0.1701667621453359,
    "nous": 0.2955934598864759,
    "pneuma": 0.25569235771043397
  },
  "per_organ_theta_peak": {
    "anima": 0.2901497887178411,
    "eidolon": 0.19844355868604133,
    "mneme": 0.23265677141729105,
    "nous": 0.26167098654868765,
    "pneuma": 0.2602060158537184
  },
  "per_organ_theta_recovery": {
    "anima": 0.23127980789454602,
    "eidolon": 0.2882815536222811,
    "mneme": 0.23281348068893282,
    "nous": 0.3071293926516038,
    "pneuma": 0.2507543274261874
  },
  "cascade_time_to_peak": {
    "anima": 246,
    "eidolon": 212,
    "mneme": 239,
    "nous": 246,
    "pneuma": 240
  },
  "cascade_delay": 34,
  "recovery_asymmetry": -34,
  "adaptation_delta": -0.030842410719190416,
  "elapsed_s": 0.15637027891352773
}