{
  "trial_id": "control1__surprising_falsehood__m0.7__s46",
  "mode": "control1",
  "perturbation_type": "surprising_falsehood",
  "magnitude": 0.7,
  "seed": 46,
  "n_beats": 600,
  "theta_baseline": 1.1530680836725404,
  "theta_peak": 1.0419834327962756,
  "theta_final": 0.9297185822865762,
  "dr_ratio": 0.9036616723251428,
  "recovery_profile": -1.0106243268005508,
  "aos_g_mean": 3.859497308731079,
  "aos_g_peak": 6.839709758758545,
  "per_organ_theta_baseline": {
    "anima": 0.21705866571902058,
    "eidolon": 0.4128275116003383,
    "mneme": 0.20841460012774513,
    "nous": 0.2803182110497145,
    "pneuma": 0.35859787362274437
  },
  "per_organ_theta_peak": {
    "anima": 0.2242955909705217,
    "eidolon": 0.4762147015761691,
    "mneme": 0.19504716683908546,
    "nous": 0.23279152078720072,
    "pneuma": 0.359423672963153
  },
  "per_organ_theta_recovery": {
    "anima": 0.18346492607360804,
    "eidolon": 0.3971902083046638,
    "mneme": 0.18346007123218336,
    "nous": 0.22213959259594634,
    "pneuma": 0.3583095234522745
  },
  "cascade_time_to_peak": {
    "anima": 236,
    "eidolon": 211,
    "mneme": 234,
    "nous": 203,
    "pneuma": 200
  },
  "cascade_delay": 25,
  "recovery_asymmetry": 8,
  "adaptation_delta": -0.01563730329567453,
  "elapsed_s": 0.13147169281728566
}