{
  "trial_id": "baseline__direct_contradiction__m1.0__s46",
  "mode": "baseline",
  "perturbation_type": "direct_contradiction",
  "magnitude": 1.0,
  "seed": 46,
  "n_beats": 600,
  "theta_baseline": 1.241144554400876,
  "theta_peak": 1.040828306302687,
  "theta_final": 1.191422292556845,
  "dr_ratio": 0.8386036119742029,
  "recovery_profile": 0.751781184421652,
  "aos_g_mean": 4.4056901931762695,
  "aos_g_peak": 9.525476455688477,
  "per_organ_theta_baseline": {
    "anima": 0.24570810030961573,
    "eidolon": 0.26295512785041747,
    "mneme": 0.1875191904082334,
    "nous": 0.25793647640127093,
    "pneuma": 0.24905811465105804
  },
  "per_organ_theta_peak": {
    "anima": 0.2729350046763923,
    "eidolon": 0.21777480957403764,
    "mneme": 0.18160507006671606,
    "nous": 0.31428109396337967,
    "pneuma": 0.25236342737923284
  },
  "per_organ_theta_recovery": {
    "anima": 0.21589241010713722,
    "eidolon": 0.2896972287639083,
    "mneme": 0.2350913572545427,
    "nous": 0.27397163826104415,
    "pneuma": 0.2131042092248621
  },
  "cascade_time_to_peak": {
    "anima": 217,
    "eidolon": 202,
    "mneme": 230,
    "nous": 236,
    "pneuma": 217
  },
  "cascade_delay": 15,
  "recovery_asymmetry": -34,
  "adaptation_delta": 0.02674210091349083,
  "elapsed_s": 0.1513654098380357
}