{
  "trial_id": "control3__random_perturbation__m0.4__s42",
  "mode": "control3",
  "perturbation_type": "random_perturbation",
  "magnitude": 0.4,
  "seed": 42,
  "n_beats": 600,
  "theta_baseline": 4.5495388105494445,
  "theta_peak": 4.2100099226127785,
  "theta_final": 3.8169891080753557,
  "dr_ratio": 0.9253707019381023,
  "recovery_profile": -1.1575474974333697,
  "aos_g_mean": 3.4934709072113037,
  "aos_g_peak": 9.471944808959961,
  "per_organ_theta_baseline": {
    "anima": 1.0470962807803461,
    "eidolon": 1.0855476026153876,
    "mneme": 0.507356333137256,
    "nous": 0.7557590378697981,
    "pneuma": 0.3681656523279169
  },
  "per_organ_theta_peak": {
    "anima": 1.0648708133256264,
    "eidolon": 1.0718037250810952,
    "mneme": 0.47537594152274376,
    "nous": 0.7392490573433697,
    "pneuma": 0.30764101212633377
  },
  "per_organ_theta_recovery": {
    "anima": 0.8115058487646893,
    "eidolon": 1.015138707337508,
    "mneme": 0.4607595759980779,
    "nous": 0.7365787758001372,
    "pneuma": 0.3452559340316121
  },
  "cascade_time_to_peak": {
    "anima": 238,
    "eidolon": 237,
    "mneme": 238,
    "nous": 231,
    "pneuma": 235
  },
  "cascade_delay": 1,
  "recovery_asymmetry": 6,
  "adaptation_delta": -0.07040889527787964,
  "elapsed_s": 0.20695617701858282
}