{
  "trial_id": "mneme_disruption_s43",
  "condition": "mneme_disruption",
  "seed": 43,
  "n_beats": 600,
  "baseline_mean_delta": 1.3518702983856201,
  "baseline_std_delta": 0.9221867918968201,
  "pre_pert_mean_delta": 0.8641199469566345,
  "post_pert_mean_delta": 0.015056203119456768,
  "post_pre_ratio": 0.01742374151945114,
  "peak_delta": 3.4471962451934814,
  "peak_beat": 247,
  "recovery_half_life_beats": 105.0,
  "theta_gap_correlation": 0.026507388906272186,
  "cascade_per_organ": {
    "anima": {
      "peak_beat": 251,
      "peak_z": 1.5123369693756104
    },
    "eidolon": {
      "peak_beat": 253,
      "peak_z": 0.8105093240737915
    },
    "mneme": {
      "peak_beat": 258,
      "peak_z": 9.05984878540039
    },
    "nous": {
      "peak_beat": 246,
      "peak_z": 0.055839668959379196
    },
    "pneuma": {
      "peak_beat": 252,
      "peak_z": 1.3030179738998413
    }
  },
  "cascade_order": [
    "nous",
    "anima",
    "pneuma",
    "eidolon",
    "mneme"
  ],
  "cascade_delays": [
    0,
    5,
    6,
    7,
    12
  ],
  "n_events": 85,
  "elapsed_s": 0.15760577912442386
}