{
  "trial_id": "control2__baseline__m1.0__s43",
  "mode": "control2",
  "perturbation_type": "baseline",
  "magnitude": 1.0,
  "seed": 43,
  "n_beats": 600,
  "theta_baseline": 1.096400551688314,
  "theta_peak": 1.7429202841210665,
  "theta_final": 1.2856794862108305,
  "dr_ratio": 1.5896747602299146,
  "recovery_profile": 0.7072340950673083,
  "aos_g_mean": 3.1559667587280273,
  "aos_g_peak": 5.253194332122803,
  "per_organ_theta_baseline": {
    "anima": 0.2272632259667838,
    "eidolon": 0.28666634316020995,
    "mneme": 0.21868089414911554,
    "nous": 0.18528023086388742,
    "pneuma": 0.27382867964364604
  },
  "per_organ_theta_peak": {
    "anima": 0.2803465180504251,
    "eidolon": 0.2951217090961337,
    "mneme": 0.49193492437806546,
    "nous": 0.5209329412086056,
    "pneuma": 0.31226924948455315
  },
  "per_organ_theta_recovery": {
    "anima": 0.20371930238200409,
    "eidolon": 0.31806935221046495,
    "mneme": 0.23590787231715327,
    "nous": 0.212957351353291,
    "pneuma": 0.3186541866858609
  },
  "cascade_time_to_peak": {
    "anima": 248,
    "eidolon": 248,
    "mneme": 248,
    "nous": 246,
    "pneuma": 248
  },
  "cascade_delay": 0,
  "recovery_asymmetry": 2,
  "adaptation_delta": 0.031403009050255004,
  "elapsed_s": 0.15403905580751598
}