{
  "trial_id": "baseline__surprising_falsehood__m0.7__s45",
  "mode": "baseline",
  "perturbation_type": "surprising_falsehood",
  "magnitude": 0.7,
  "seed": 45,
  "n_beats": 600,
  "theta_baseline": 1.314688795504567,
  "theta_peak": 1.6618234817868844,
  "theta_final": 1.5188973490156845,
  "dr_ratio": 1.2640432378136226,
  "recovery_profile": 0.41173106122550096,
  "aos_g_mean": 5.159307479858398,
  "aos_g_peak": 11.292379379272461,
  "per_organ_theta_baseline": {
    "anima": 0.28615355980759993,
    "eidolon": 0.33310598903917626,
    "mneme": 0.18592731967880194,
    "nous": 0.23896053656206803,
    "pneuma": 0.2889717724351896
  },
  "per_organ_theta_peak": {
    "anima": 0.3236963839138381,
    "eidolon": 0.2799930197790059,
    "mneme": 0.40071876345258356,
    "nous": 0.5357535471930495,
    "pneuma": 0.2585771699976205
  },
  "per_organ_theta_recovery": {
    "anima": 0.27502618148091407,
    "eidolon": 0.3441042575618734,
    "mneme": 0.21908346739717743,
    "nous": 0.25008532640406417,
    "pneuma": 0.30860320097364075
  },
  "cascade_time_to_peak": {
    "anima": 231,
    "eidolon": 247,
    "mneme": 236,
    "nous": 235,
    "pneuma": 248
  },
  "cascade_delay": -16,
  "recovery_asymmetry": 12,
  "adaptation_delta": 0.010998268522697141,
  "elapsed_s": 0.15681975986808538
}