{
  "trial_id": "control1__baseline__m1.0__s45",
  "mode": "control1",
  "perturbation_type": "baseline",
  "magnitude": 1.0,
  "seed": 45,
  "n_beats": 600,
  "theta_baseline": 2.636713312432193,
  "theta_peak": 1.082475525709377,
  "theta_final": 0.9393484652276441,
  "dr_ratio": 0.4105397126814918,
  "recovery_profile": -0.0920882645528282,
  "aos_g_mean": 3.509964942932129,
  "aos_g_peak": 3.699629783630371,
  "per_organ_theta_baseline": {
    "anima": 0.23896652452982478,
    "eidolon": 0.4096196839564493,
    "mneme": 0.4681643005931609,
    "nous": 0.49857141190116316,
    "pneuma": 0.37870786645443066
  },
  "per_organ_theta_peak": {
    "anima": 0.26420461810977863,
    "eidolon": 0.4282898580730717,
    "mneme": 0.17213082488579598,
    "nous": 0.21211911098686456,
    "pneuma": 0.35942439588633157
  },
  "per_organ_theta_recovery": {
    "anima": 0.2463837789637401,
    "eidolon": 0.4346879168023691,
    "mneme": 0.19116048425622442,
    "nous": 0.16263186618196115,
    "pneuma": 0.35830947500647536
  },
  "cascade_time_to_peak": {
    "anima": 223,
    "eidolon": 202,
    "mneme": 204,
    "nous": 223,
    "pneuma": 200
  },
  "cascade_delay": 21,
  "recovery_asymmetry": -21,
  "adaptation_delta": 0.025068232845919802,
  "elapsed_s": 0.13236076408065856
}