{
  "trial_id": "control2__direct_contradiction__m0.7__s44",
  "mode": "control2",
  "perturbation_type": "direct_contradiction",
  "magnitude": 0.7,
  "seed": 44,
  "n_beats": 600,
  "theta_baseline": 1.2698555952694044,
  "theta_peak": 1.2634064587242517,
  "theta_final": 1.2296418144953922,
  "dr_ratio": 0.9949213622641995,
  "recovery_profile": -5.235529437539642,
  "aos_g_mean": 4.942346096038818,
  "aos_g_peak": 9.149149894714355,
  "per_organ_theta_baseline": {
    "anima": 0.3243766354421627,
    "eidolon": 0.2451529859108069,
    "mneme": 0.23542350490836852,
    "nous": 0.2826469967192584,
    "pneuma": 0.25309852055120163
  },
  "per_organ_theta_peak": {
    "anima": 0.33029746691349604,
    "eidolon": 0.23707332185395363,
    "mneme": 0.2927918611403913,
    "nous": 0.2679757848596981,
    "pneuma": 0.2937890598497327
  },
  "per_organ_theta_recovery": {
    "anima": 0.30411197211171503,
    "eidolon": 0.24044908689430255,
    "mneme": 0.18622587071934146,
    "nous": 0.20636176973127743,
    "pneuma": 0.2426173003063328
  },
  "cascade_time_to_peak": {
    "anima": 217,
    "eidolon": 202,
    "mneme": 210,
    "nous": 219,
    "pneuma": 205
  },
  "cascade_delay": 15,
  "recovery_asymmetry": -17,
  "adaptation_delta": -0.004703899016504337,
  "elapsed_s": 0.1576222199946642
}