{
  "trial_id": "baseline__direct_contradiction__m1.0__s44",
  "mode": "baseline",
  "perturbation_type": "direct_contradiction",
  "magnitude": 1.0,
  "seed": 44,
  "n_beats": 600,
  "theta_baseline": 1.372172179376025,
  "theta_peak": 1.2731951138528936,
  "theta_final": 1.19717336927976,
  "dr_ratio": 0.9278683338645302,
  "recovery_profile": -0.7680743429938023,
  "aos_g_mean": 4.9972615242004395,
  "aos_g_peak": 9.15219783782959,
  "per_organ_theta_baseline": {
    "anima": 0.29773152770066547,
    "eidolon": 0.24616301247336775,
    "mneme": 0.22247447132346107,
    "nous": 0.26727857213645245,
    "pneuma": 0.26865762440776797
  },
  "per_organ_theta_peak": {
    "anima": 0.2834329733820592,
    "eidolon": 0.21249730306281236,
    "mneme": 0.2561978203083644,
    "nous": 0.2515062720057969,
    "pneuma": 0.2915620197040792
  },
  "per_organ_theta_recovery": {
    "anima": 0.31052242183658146,
    "eidolon": 0.24166624267570552,
    "mneme": 0.17577387632638264,
    "nous": 0.2076664334768483,
    "pneuma": 0.22044047777611814
  },
  "cascade_time_to_peak": {
    "anima": 219,
    "eidolon": 201,
    "mneme": 207,
    "nous": 218,
    "pneuma": 205
  },
  "cascade_delay": 18,
  "recovery_asymmetry": -17,
  "adaptation_delta": -0.004496769797662226,
  "elapsed_s": 0.1563349850475788
}