{
  "trial_id": "control2__random_perturbation__m0.4__s44",
  "mode": "control2",
  "perturbation_type": "random_perturbation",
  "magnitude": 0.4,
  "seed": 44,
  "n_beats": 600,
  "theta_baseline": 1.2698555952694044,
  "theta_peak": 1.25138797655544,
  "theta_final": 1.2295679937739432,
  "dr_ratio": 0.985456914327297,
  "recovery_profile": -1.1815266017484807,
  "aos_g_mean": 4.9093780517578125,
  "aos_g_peak": 8.009672164916992,
  "per_organ_theta_baseline": {
    "anima": 0.3243766354421627,
    "eidolon": 0.2451529859108069,
    "mneme": 0.23542350490836852,
    "nous": 0.2826469967192584,
    "pneuma": 0.25309852055120163
  },
  "per_organ_theta_peak": {
    "anima": 0.2797990074038961,
    "eidolon": 0.27014067389294366,
    "mneme": 0.2590940165247115,
    "nous": 0.2444460513711796,
    "pneuma": 0.2272793342781446
  },
  "per_organ_theta_recovery": {
    "anima": 0.30412862874469343,
    "eidolon": 0.24042891310717066,
    "mneme": 0.1861843028213285,
    "nous": 0.20646230235428312,
    "pneuma": 0.2426530228622622
  },
  "cascade_time_to_peak": {
    "anima": 213,
    "eidolon": 219,
    "mneme": 248,
    "nous": 219,
    "pneuma": 206
  },
  "cascade_delay": -6,
  "recovery_asymmetry": 0,
  "adaptation_delta": -0.004724072803636237,
  "elapsed_s": 0.15648785792291164
}