{
  "trial_id": "control1__direct_contradiction__m0.4__s42",
  "mode": "control1",
  "perturbation_type": "direct_contradiction",
  "magnitude": 0.4,
  "seed": 42,
  "n_beats": 600,
  "theta_baseline": 1.162645913045778,
  "theta_peak": 0.9872056936598982,
  "theta_final": 0.9964834910190091,
  "dr_ratio": 0.8491026223742705,
  "recovery_profile": 0.05288295575317581,
  "aos_g_mean": 4.389430522918701,
  "aos_g_peak": 8.156014442443848,
  "per_organ_theta_baseline": {
    "anima": 0.2702489361085829,
    "eidolon": 0.40941330910331447,
    "mneme": 0.1552801403988657,
    "nous": 0.2218491969853905,
    "pneuma": 0.35859923385895864
  },
  "per_organ_theta_peak": {
    "anima": 0.22788330969301304,
    "eidolon": 0.4430025943576453,
    "mneme": 0.1621881686784971,
    "nous": 0.18444360058953943,
    "pneuma": 0.3594243072303894
  },
  "per_organ_theta_recovery": {
    "anima": 0.20518012925548446,
    "eidolon": 0.4377695434361039,
    "mneme": 0.1776974436752764,
    "nous": 0.2398401578624749,
    "pneuma": 0.35830941028674224
  },
  "cascade_time_to_peak": {
    "anima": 212,
    "eidolon": 204,
    "mneme": 223,
    "nous": 202,
    "pneuma": 200
  },
  "cascade_delay": 8,
  "recovery_asymmetry": 2,
  "adaptation_delta": 0.028356234332789443,
  "elapsed_s": 0.1342648509889841
}