{
  "trial_id": "baseline__surprising_falsehood__m0.7__s42",
  "mode": "baseline",
  "perturbation_type": "surprising_falsehood",
  "magnitude": 0.7,
  "seed": 42,
  "n_beats": 600,
  "theta_baseline": 1.3321881893586909,
  "theta_peak": 1.3517607693504654,
  "theta_final": 1.4164806524582123,
  "dr_ratio": 1.0146920533811343,
  "recovery_profile": -3.3066608048068136,
  "aos_g_mean": 4.24780797958374,
  "aos_g_peak": 9.23720932006836,
  "per_organ_theta_baseline": {
    "anima": 0.3235137443123286,
    "eidolon": 0.3191239643414715,
    "mneme": 0.1701667621453359,
    "nous": 0.2955934598864759,
    "pneuma": 0.25569235771043397
  },
  "per_organ_theta_peak": {
    "anima": 0.29332335706887624,
    "eidolon": 0.27579968116399717,
    "mneme": 0.23778257474452255,
    "nous": 0.278064333455017,
    "pneuma": 0.2559069281667066
  },
  "per_organ_theta_recovery": {
    "anima": 0.23127980789454602,
    "eidolon": 0.2882815536222811,
    "mneme": 0.23281348068893282,
    "nous": 0.3071293926516038,
    "pneuma": 0.2507543274261874
  },
  "cascade_time_to_peak": {
    "anima": 246,
    "eidolon": 246,
    "mneme": 239,
    "nous": 246,
    "pneuma": 240
  },
  "cascade_delay": 0,
  "recovery_asymmetry": 0,
  "adaptation_delta": -0.030842410719190416,
  "elapsed_s": 0.15125510399229825
}