{
  "trial_id": "baseline_s43",
  "condition": "baseline",
  "seed": 43,
  "n_beats": 600,
  "baseline_mean_delta": 1.3518702983856201,
  "baseline_std_delta": 0.9221867918968201,
  "pre_pert_mean_delta": 0.8641199469566345,
  "post_pert_mean_delta": 0.01269389595836401,
  "post_pre_ratio": 0.014689969830214977,
  "peak_delta": 3.442831516265869,
  "peak_beat": 248,
  "recovery_half_life_beats": 104.0,
  "theta_gap_correlation": 0.17613404001292599,
  "cascade_per_organ": {
    "anima": {
      "peak_beat": 251,
      "peak_z": 1.5123369693756104
    },
    "eidolon": {
      "peak_beat": 253,
      "peak_z": 0.8105093240737915
    },
    "mneme": {
      "peak_beat": 258,
      "peak_z": 9.116568565368652
    },
    "nous": {
      "peak_beat": 246,
      "peak_z": 0.05583978071808815
    },
    "pneuma": {
      "peak_beat": 252,
      "peak_z": 1.3014079332351685
    }
  },
  "cascade_order": [
    "nous",
    "anima",
    "pneuma",
    "eidolon",
    "mneme"
  ],
  "cascade_delays": [
    0,
    5,
    6,
    7,
    12
  ],
  "n_events": 85,
  "elapsed_s": 0.15949609386734664
}