{
  "trial_id": "control1__random_perturbation__m0.4__s42",
  "mode": "control1",
  "perturbation_type": "random_perturbation",
  "magnitude": 0.4,
  "seed": 42,
  "n_beats": 600,
  "theta_baseline": 1.162645913045778,
  "theta_peak": 0.9652433554759995,
  "theta_final": 0.9959651367978262,
  "dr_ratio": 0.8302126594565288,
  "recovery_profile": 0.15563010783670844,
  "aos_g_mean": 4.388594150543213,
  "aos_g_peak": 8.202500343322754,
  "per_organ_theta_baseline": {
    "anima": 0.2702489361085829,
    "eidolon": 0.40941330910331447,
    "mneme": 0.1552801403988657,
    "nous": 0.2218491969853905,
    "pneuma": 0.35859923385895864
  },
  "per_organ_theta_peak": {
    "anima": 0.22318911623040663,
    "eidolon": 0.4428650956410377,
    "mneme": 0.14810892736767423,
    "nous": 0.17386297189714248,
    "pneuma": 0.3594240799267983
  },
  "per_organ_theta_recovery": {
    "anima": 0.20522900802815353,
    "eidolon": 0.4378129827370297,
    "mneme": 0.1776875030093655,
    "nous": 0.23981034562789666,
    "pneuma": 0.35830941069495625
  },
  "cascade_time_to_peak": {
    "anima": 212,
    "eidolon": 217,
    "mneme": 208,
    "nous": 202,
    "pneuma": 200
  },
  "cascade_delay": -5,
  "recovery_asymmetry": 15,
  "adaptation_delta": 0.028399673633715206,
  "elapsed_s": 0.1330120919737965
}