{
  "trial_id": "control2__direct_contradiction__m0.7__s43",
  "mode": "control2",
  "perturbation_type": "direct_contradiction",
  "magnitude": 0.7,
  "seed": 43,
  "n_beats": 600,
  "theta_baseline": 1.096400551688314,
  "theta_peak": 1.4992013087409288,
  "theta_final": 1.2856794862108305,
  "dr_ratio": 1.367384671990865,
  "recovery_profile": 0.5300929027355517,
  "aos_g_mean": 3.2895541191101074,
  "aos_g_peak": 5.198342800140381,
  "per_organ_theta_baseline": {
    "anima": 0.2272632259667838,
    "eidolon": 0.28666634316020995,
    "mneme": 0.21868089414911554,
    "nous": 0.18528023086388742,
    "pneuma": 0.27382867964364604
  },
  "per_organ_theta_peak": {
    "anima": 0.2547540423055045,
    "eidolon": 0.16621774198963948,
    "mneme": 0.4821940783315056,
    "nous": 0.5206060911897818,
    "pneuma": 0.28461570098175465
  },
  "per_organ_theta_recovery": {
    "anima": 0.20371930238200409,
    "eidolon": 0.31806935221046495,
    "mneme": 0.23590787231715327,
    "nous": 0.212957351353291,
    "pneuma": 0.3186541866858609
  },
  "cascade_time_to_peak": {
    "anima": 248,
    "eidolon": 202,
    "mneme": 248,
    "nous": 214,
    "pneuma": 248
  },
  "cascade_delay": 46,
  "recovery_asymmetry": -12,
  "adaptation_delta": 0.031403009050255004,
  "elapsed_s": 0.1573952108155936
}