{
  "trial_id": "control2__surprising_falsehood__m0.4__s43",
  "mode": "control2",
  "perturbation_type": "surprising_falsehood",
  "magnitude": 0.4,
  "seed": 43,
  "n_beats": 600,
  "theta_baseline": 1.096400551688314,
  "theta_peak": 1.660500843283218,
  "theta_final": 1.2856794862108305,
  "dr_ratio": 1.5145020136356764,
  "recovery_profile": 0.6644587188789419,
  "aos_g_mean": 3.1633872985839844,
  "aos_g_peak": 5.246249675750732,
  "per_organ_theta_baseline": {
    "anima": 0.2272632259667838,
    "eidolon": 0.28666634316020995,
    "mneme": 0.21868089414911554,
    "nous": 0.18528023086388742,
    "pneuma": 0.27382867964364604
  },
  "per_organ_theta_peak": {
    "anima": 0.28425826635555135,
    "eidolon": 0.2425004949827284,
    "mneme": 0.48862531826021977,
    "nous": 0.5219003467735251,
    "pneuma": 0.2956703129214819
  },
  "per_organ_theta_recovery": {
    "anima": 0.20371930238200409,
    "eidolon": 0.31806935221046495,
    "mneme": 0.23590787231715327,
    "nous": 0.212957351353291,
    "pneuma": 0.3186541866858609
  },
  "cascade_time_to_peak": {
    "anima": 248,
    "eidolon": 249,
    "mneme": 248,
    "nous": 246,
    "pneuma": 248
  },
  "cascade_delay": -1,
  "recovery_asymmetry": 3,
  "adaptation_delta": 0.031403009050255004,
  "elapsed_s": 0.1541489060036838
}