{
  "trial_id": "baseline__baseline__m1.0__s42",
  "mode": "baseline",
  "perturbation_type": "baseline",
  "magnitude": 1.0,
  "seed": 42,
  "n_beats": 600,
  "theta_baseline": 1.3321881893586909,
  "theta_peak": 1.5065438848790418,
  "theta_final": 1.4164806524582123,
  "dr_ratio": 1.1308791782670622,
  "recovery_profile": 0.5165488408740696,
  "aos_g_mean": 4.235304355621338,
  "aos_g_peak": 9.230356216430664,
  "per_organ_theta_baseline": {
    "anima": 0.3235137443123286,
    "eidolon": 0.3191239643414715,
    "mneme": 0.1701667621453359,
    "nous": 0.2955934598864759,
    "pneuma": 0.25569235771043397
  },
  "per_organ_theta_peak": {
    "anima": 0.2912720744343207,
    "eidolon": 0.3258393085336981,
    "mneme": 0.23675227188333253,
    "nous": 0.28673891386113187,
    "pneuma": 0.2614087411515348
  },
  "per_organ_theta_recovery": {
    "anima": 0.23127980789454602,
    "eidolon": 0.2882815536222811,
    "mneme": 0.23281348068893282,
    "nous": 0.3071293926516038,
    "pneuma": 0.2507543274261874
  },
  "cascade_time_to_peak": {
    "anima": 246,
    "eidolon": 246,
    "mneme": 239,
    "nous": 246,
    "pneuma": 240
  },
  "cascade_delay": 0,
  "recovery_asymmetry": 0,
  "adaptation_delta": -0.030842410719190416,
  "elapsed_s": 0.15198120498098433
}