{
  "trial_id": "baseline__direct_contradiction__m0.4__s43",
  "mode": "baseline",
  "perturbation_type": "direct_contradiction",
  "magnitude": 0.4,
  "seed": 43,
  "n_beats": 600,
  "theta_baseline": 1.2023500673756968,
  "theta_peak": 1.5206021789585198,
  "theta_final": 1.2682441179950228,
  "dr_ratio": 1.2646917234990092,
  "recovery_profile": 0.7929501542296052,
  "aos_g_mean": 3.356092691421509,
  "aos_g_peak": 4.6888041496276855,
  "per_organ_theta_baseline": {
    "anima": 0.2570344613982566,
    "eidolon": 0.3174872121003005,
    "mneme": 0.21995294835105536,
    "nous": 0.2020660560690881,
    "pneuma": 0.30882822191838355
  },
  "per_organ_theta_peak": {
    "anima": 0.29983989412636236,
    "eidolon": 0.17116164626296584,
    "mneme": 0.5078050857908822,
    "nous": 0.508625677003111,
    "pneuma": 0.27397103379721577
  },
  "per_organ_theta_recovery": {
    "anima": 0.18874265889952924,
    "eidolon": 0.3224334669454591,
    "mneme": 0.24769273109138876,
    "nous": 0.2209612028081323,
    "pneuma": 0.30764844664332786
  },
  "cascade_time_to_peak": {
    "anima": 248,
    "eidolon": 206,
    "mneme": 249,
    "nous": 218,
    "pneuma": 248
  },
  "cascade_delay": 42,
  "recovery_asymmetry": -12,
  "adaptation_delta": 0.004946254845158593,
  "elapsed_s": 0.1569756509270519
}