{
  "trial_id": "control1__surprising_falsehood__m1.0__s46",
  "mode": "control1",
  "perturbation_type": "surprising_falsehood",
  "magnitude": 1.0,
  "seed": 46,
  "n_beats": 600,
  "theta_baseline": 1.1530680836725404,
  "theta_peak": 1.0202254390825014,
  "theta_final": 0.9297185822865762,
  "dr_ratio": 0.8847920201147766,
  "recovery_profile": -0.6813087549953193,
  "aos_g_mean": 3.859480381011963,
  "aos_g_peak": 6.8482232093811035,
  "per_organ_theta_baseline": {
    "anima": 0.21705866571902058,
    "eidolon": 0.4128275116003383,
    "mneme": 0.20841460012774513,
    "nous": 0.2803182110497145,
    "pneuma": 0.35859787362274437
  },
  "per_organ_theta_peak": {
    "anima": 0.22300820907523303,
    "eidolon": 0.46506332470743833,
    "mneme": 0.19559185052150313,
    "nous": 0.2318342290929011,
    "pneuma": 0.3594236886786538
  },
  "per_organ_theta_recovery": {
    "anima": 0.18346492607360804,
    "eidolon": 0.3971902083046638,
    "mneme": 0.18346007123218336,
    "nous": 0.22213959259594634,
    "pneuma": 0.3583095234522745
  },
  "cascade_time_to_peak": {
    "anima": 236,
    "eidolon": 207,
    "mneme": 234,
    "nous": 203,
    "pneuma": 200
  },
  "cascade_delay": 29,
  "recovery_asymmetry": 4,
  "adaptation_delta": -0.01563730329567453,
  "elapsed_s": 0.13496596808545291
}