{
  "H1": {
    "hypothesis": "H1",
    "criterion": "r < -0.5",
    "n_pairs": 1365,
    "r": 0.035131333827210794,
    "ci_95": [
      -0.015384544891971616,
      0.08930022817430151
    ],
    "per_condition_r": {
      "direct_contradiction": -0.04283232451972946,
      "surprising_falsehood": 0.09360458960222344,
      "surprising_truth": 0.12532811055457085,
      "nonsense": 0.018506921232179285,
      "mneme_disruption": 0.015529625415545794,
      "random_perturbation": -0.006561039240756922,
      "baseline": 0.14842207386601503
    },
    "passed": false
  },
  "H2": {
    "hypothesis": "H2",
    "criterion": "direct_contradiction post/pre > 1.2",
    "per_condition": {
      "direct_contradiction": {
        "n_seeds": 3,
        "pre_mean": 2.952027459939321,
        "post_mean": 4.451859792073567,
        "ratio": 1.508068557114667,
        "per_seed_ratios": [
          1.079151722288666,
          2.619364806149352,
          1.7589645718078086
        ],
        "diff_mean": 1.4998323321342468,
        "diff_std": 1.207954251605507,
        "t_stat": 2.15056638000842,
        "p_value": 0.1644700603771024
      },
      "surprising_falsehood": {
        "n_seeds": 3,
        "pre_mean": 2.952027459939321,
        "post_mean": 3.341463655233383,
        "ratio": 1.1319216032299602,
        "per_seed_ratios": [
          0.8921152822190515,
          0.4015926647351648,
          1.5939735986803412
        ],
        "diff_mean": 0.3894361952940623,
        "diff_std": 1.5300773672135457,
        "t_stat": 0.4408425946356029,
        "p_value": 0.7024010648737193
      },
      "surprising_truth": {
        "n_seeds": 3,
        "pre_mean": 2.952027459939321,
        "post_mean": 3.1311046121021113,
        "ratio": 1.060662427634217,
        "per_seed_ratios": [
          0.8287385485646237,
          0.0606326297926536,
          1.5774471245177688
        ],
        "diff_mean": 0.1790771521627903,
        "diff_std": 1.660440694604334,
        "t_stat": 0.1868002434706686,
        "p_value": 0.8690496971971453
      },
      "nonsense": {
        "n_seeds": 3,
        "pre_mean": 2.952027459939321,
        "post_mean": 3.246951103210449,
        "ratio": 1.0999054538866622,
        "per_seed_ratios": [
          0.8077812207555043,
          0.15526758460253257,
          1.6758495592182674
        ],
        "diff_mean": 0.29492364327112836,
        "diff_std": 1.8699167049140188,
        "t_stat": 0.2731794058828955,
        "p_value": 0.8103390399397321
      },
      "mneme_disruption": {
        "n_seeds": 3,
        "pre_mean": 2.952027459939321,
        "post_mean": 3.975181284981469,
        "ratio": 1.3465936001364902,
        "per_seed_ratios": [
          1.0888024810427621,
          0.01742374212339801,
          1.9728200690700581
        ],
        "diff_mean": 1.0231538250421484,
        "diff_std": 2.258261831432627,
        "t_stat": 0.7847426654716984,
        "p_value": 0.5147972540297558
      },
      "random_perturbation": {
        "n_seeds": 3,
        "pre_mean": 2.952027459939321,
        "post_mean": 2.3394365770121417,
        "ratio": 0.7924846935740323,
        "per_seed_ratios": [
          0.730888658822624,
          0.03436050248432026,
          1.0469884742674032
        ],
        "diff_mean": -0.6125908829271793,
        "diff_std": 0.6991453070158437,
        "t_stat": -1.5176223352083629,
        "p_value": 0.268407782922638
      },
      "baseline": {
        "n_seeds": 3,
        "pre_mean": 2.952027459939321,
        "post_mean": 3.2217725959296026,
        "ratio": 1.0913762285923405,
        "per_seed_ratios": [
          0.8321289287850173,
          0.014689969839338806,
          1.6592459727195734
        ],
        "diff_mean": 0.2697451359902819,
        "diff_std": 1.8397055454528883,
        "t_stat": 0.2539603589196817,
        "p_value": 0.82325020302118
      }
    },
    "contradiction_ratio": 1.508068557114667,
    "passed": true
  },
  "H3": {
    "hypothesis": "H3",
    "criterion": "order EIDOLON\u2192ANIMA\u2192NOUS\u2192PNEUMA AND delays \u2208 [1, 5] AND Granger eidolon\u2192pneuma p<0.05 with reverse p>0.05",
    "common_seeds": [
      42,
      43,
      44
    ],
    "time_to_peak": {
      "anima": 201,
      "eidolon": 201,
      "mneme": 201,
      "nous": 218,
      "pneuma": 202
    },
    "peak_values": {
      "anima": 0.5541080037752787,
      "eidolon": 0.6228893796602885,
      "mneme": 1.4528687993685405,
      "nous": 1.7990999221801758,
      "pneuma": 0.3643012046813965
    },
    "observed_order_all": [
      "anima",
      "eidolon",
      "mneme",
      "pneuma",
      "nous"
    ],
    "observed_order_target": [
      "anima",
      "eidolon",
      "pneuma",
      "nous"
    ],
    "target_order": [
      "eidolon",
      "anima",
      "nous",
      "pneuma"
    ],
    "delays_relative_to_first_target": {
      "eidolon": 0,
      "anima": 0,
      "nous": 17,
      "pneuma": 1
    },
    "granger_eidolon_to_pneuma": {
      "min_p": 0.0010307746882716952,
      "F": 4.109067904071857,
      "best_lag": 5
    },
    "granger_pneuma_to_eidolon": {
      "min_p": 0.00013595065606931796,
      "F": 8.947574588406795,
      "best_lag": 2
    },
    "order_matches": false,
    "delays_in_range": false,
    "granger_directional": false,
    "passed": false
  },
  "H4": {
    "hypothesis": "H4",
    "criterion": "|lag| <= 2 and r < -0.5",
    "per_seed": [
      {
        "seed": 42,
        "n_samples": 40,
        "peak_lag": -6,
        "peak_r": -0.5693319014483303,
        "xcorr": {
          "-10": -0.43558995280871576,
          "-9": -0.4773092757564518,
          "-8": -0.5013369935604458,
          "-7": -0.5394211516025721,
          "-6": -0.5693319014483303,
          "-5": -0.5220925443159287,
          "-4": -0.5231160640075179,
          "-3": -0.5066874805521006,
          "-2": -0.541819523929463,
          "-1": -0.5351538273890538,
          "0": -0.4660123353305269,
          "1": -0.28522209669073567,
          "2": -0.20754803744642658,
          "3": -0.2097785096861881,
          "4": -0.24106790894048752,
          "5": -0.28122550321333084,
          "6": -0.3123100390420676,
          "7": -0.3089262480270953,
          "8": -0.2513359587580159,
          "9": -0.1818004588874413,
          "10": -0.08112235160586469
        }
      },
      {
        "seed": 43,
        "n_samples": 40,
        "peak_lag": 6,
        "peak_r": -0.48606061675442425,
        "xcorr": {
          "-10": 0.30747478612268003,
          "-9": 0.2146706762937218,
          "-8": 0.04039304609912575,
          "-7": -0.13723310874523872,
          "-6": -0.23056873607760092,
          "-5": -0.2955979434168164,
          "-4": -0.26207690515968163,
          "-3": -0.28911370503794837,
          "-2": -0.2307328026482477,
          "-1": -0.16570985629865387,
          "0": -0.19430479453550123,
          "1": -0.2536401691463055,
          "2": -0.36093792714151124,
          "3": -0.44003641087944034,
          "4": -0.4595707578045063,
          "5": -0.4386747094731451,
          "6": -0.48606061675442425,
          "7": -0.46220659659223895,
          "8": -0.4469971161327373,
          "9": -0.42173533270699864,
          "10": -0.3596825112200069
        }
      },
      {
        "seed": 44,
        "n_samples": 40,
        "peak_lag": 1,
        "peak_r": -0.44438138335361504,
        "xcorr": {
          "-10": 0.2007360506681438,
          "-9": 0.03818148337148907,
          "-8": 0.051385309800486216,
          "-7": -0.01884847693788825,
          "-6": -0.16974399285209546,
          "-5": -0.25701277918998944,
          "-4": -0.37846447995515775,
          "-3": -0.40016737800005403,
          "-2": -0.3663351607628557,
          "-1": -0.33076021556152907,
          "0": -0.42570890512328163,
          "1": -0.44438138335361504,
          "2": -0.38950941252739485,
          "3": -0.360029907343224,