{
  "trial_id": "control2__random_perturbation__m0.7__s45",
  "mode": "control2",
  "perturbation_type": "random_perturbation",
  "magnitude": 0.7,
  "seed": 45,
  "n_beats": 600,
  "theta_baseline": 1.3982275997030424,
  "theta_peak": 1.4502020275762788,
  "theta_final": 1.520654664364293,
  "dr_ratio": 1.0371716506556405,
  "recovery_profile": -1.3555250085647035,
  "aos_g_mean": 5.101802825927734,
  "aos_g_peak": 11.0812349319458,
  "per_organ_theta_baseline": {
    "anima": 0.3076482670098448,
    "eidolon": 0.3673589613499819,
    "mneme": 0.18984725651190232,
    "nous": 0.2627649542165772,
    "pneuma": 0.32236444460233615
  },
  "per_organ_theta_peak": {
    "anima": 0.2494387254527528,
    "eidolon": 0.232454977097739,
    "mneme": 0.38900378452691725,
    "nous": 0.5338543590379863,
    "pneuma": 0.2367247106791216
  },
  "per_organ_theta_recovery": {
    "anima": 0.26250849102360957,
    "eidolon": 0.3465666740229554,
    "mneme": 0.22898098009096862,
    "nous": 0.23860491170730425,
    "pneuma": 0.3006556794568934
  },
  "cascade_time_to_peak": {
    "anima": 237,
    "eidolon": 247,
    "mneme": 236,
    "nous": 235,
    "pneuma": 248
  },
  "cascade_delay": -10,
  "recovery_asymmetry": 12,
  "adaptation_delta": -0.020792287327026537,
  "elapsed_s": 0.15621730405837297
}