{
  "trial_id": "control1__direct_contradiction__m1.0__s44",
  "mode": "control1",
  "perturbation_type": "direct_contradiction",
  "magnitude": 1.0,
  "seed": 44,
  "n_beats": 600,
  "theta_baseline": 1.1703846783869711,
  "theta_peak": 1.7704620840815886,
  "theta_final": 0.9994114782990438,
  "dr_ratio": 1.5127180975417813,
  "recovery_profile": 1.2849185762793685,
  "aos_g_mean": 4.187455177307129,
  "aos_g_peak": 5.469033241271973,
  "per_organ_theta_baseline": {
    "anima": 0.24703307058429955,
    "eidolon": 0.43876571028402767,
    "mneme": 0.21641965695636628,
    "nous": 0.20699440109561798,
    "pneuma": 0.35859706959534754
  },
  "per_organ_theta_peak": {
    "anima": 0.2760571599239631,
    "eidolon": 0.4245112017815949,
    "mneme": 0.2060903662080941,
    "nous": 0.5348084209028847,
    "pneuma": 0.37293661215556967
  },
  "per_organ_theta_recovery": {
    "anima": 0.24853682619249265,
    "eidolon": 0.4231660515315156,
    "mneme": 0.25453997672614903,
    "nous": 0.20250255821751476,
    "pneuma": 0.35830968992115275
  },
  "cascade_time_to_peak": {
    "anima": 249,
    "eidolon": 201,
    "mneme": 234,
    "nous": 235,
    "pneuma": 200
  },
  "cascade_delay": 48,
  "recovery_asymmetry": -34,
  "adaptation_delta": -0.015599658752512069,
  "elapsed_s": 0.1365695809945464
}