{
  "trial_id": "baseline__direct_contradiction__m0.7__s42",
  "mode": "baseline",
  "perturbation_type": "direct_contradiction",
  "magnitude": 0.7,
  "seed": 42,
  "n_beats": 600,
  "theta_baseline": 1.3321881893586909,
  "theta_peak": 1.3040281211680391,
  "theta_final": 1.4164806524582123,
  "dr_ratio": 0.9788617941402049,
  "recovery_profile": 3.993333060447057,
  "aos_g_mean": 4.2992262840271,
  "aos_g_peak": 9.260892868041992,
  "per_organ_theta_baseline": {
    "anima": 0.3235137443123286,
    "eidolon": 0.3191239643414715,
    "mneme": 0.1701667621453359,
    "nous": 0.2955934598864759,
    "pneuma": 0.25569235771043397
  },
  "per_organ_theta_peak": {
    "anima": 0.29686411805106433,
    "eidolon": 0.2494592981277839,
    "mneme": 0.23180532731657258,
    "nous": 0.2612092897514436,
    "pneuma": 0.2711618541883203
  },
  "per_organ_theta_recovery": {
    "anima": 0.23127980789454602,
    "eidolon": 0.2882815536222811,
    "mneme": 0.23281348068893282,
    "nous": 0.3071293926516038,
    "pneuma": 0.2507543274261874
  },
  "cascade_time_to_peak": {
    "anima": 246,
    "eidolon": 247,
    "mneme": 201,
    "nous": 246,
    "pneuma": 240
  },
  "cascade_delay": -1,
  "recovery_asymmetry": 1,
  "adaptation_delta": -0.030842410719190416,
  "elapsed_s": 0.1594395178835839
}