{
  "trial_id": "control2__direct_contradiction__m1.0__s43",
  "mode": "control2",
  "perturbation_type": "direct_contradiction",
  "magnitude": 1.0,
  "seed": 43,
  "n_beats": 600,
  "theta_baseline": 1.096400551688314,
  "theta_peak": 1.4872981676730317,
  "theta_final": 1.2856794862108305,
  "dr_ratio": 1.3565281095333146,
  "recovery_profile": 0.5157838605751014,
  "aos_g_mean": 3.29449462890625,
  "aos_g_peak": 5.195464611053467,
  "per_organ_theta_baseline": {
    "anima": 0.2272632259667838,
    "eidolon": 0.28666634316020995,
    "mneme": 0.21868089414911554,
    "nous": 0.18528023086388742,
    "pneuma": 0.27382867964364604
  },
  "per_organ_theta_peak": {
    "anima": 0.26110488882258887,
    "eidolon": 0.16571536191717626,
    "mneme": 0.48175953407211336,
    "nous": 0.5189029250891266,
    "pneuma": 0.2856264292170507
  },
  "per_organ_theta_recovery": {
    "anima": 0.20371930238200409,
    "eidolon": 0.31806935221046495,
    "mneme": 0.23590787231715327,
    "nous": 0.212957351353291,
    "pneuma": 0.3186541866858609
  },
  "cascade_time_to_peak": {
    "anima": 248,
    "eidolon": 201,
    "mneme": 248,
    "nous": 214,
    "pneuma": 248
  },
  "cascade_delay": 47,
  "recovery_asymmetry": -13,
  "adaptation_delta": 0.031403009050255004,
  "elapsed_s": 0.15799852111376822
}