{
  "scaling_fits": {
    "analysis": "scaling_fits",
    "per_k_descriptive": {
      "1": {
        "n": 5,
        "mean": 0.2793318592403019,
        "std": 0.11358646015264257,
        "min": 0.16455468646687962,
        "max": 0.43315238689367636
      },
      "2": {
        "n": 5,
        "mean": 1.4852516869260572,
        "std": 0.07087799936567968,
        "min": 1.4363125321380807,
        "max": 1.608736713390098
      },
      "3": {
        "n": 5,
        "mean": 1.0198740875713896,
        "std": 0.12986792219624363,
        "min": 0.8753879363325267,
        "max": 1.2221693796067519
      },
      "4": {
        "n": 5,
        "mean": 0.8921537882424403,
        "std": 0.10542249730409604,
        "min": 0.7158739946514951,
        "max": 0.9951548927178139
      },
      "5": {
        "n": 5,
        "mean": 1.292508757203171,
        "std": 0.06924511345295109,
        "min": 1.2023500673756968,
        "max": 1.372172179376025
      }
    },
    "fit_linear": {
      "model": "linear",
      "params": {
        "a": 0.14332558972421205,
        "b": 0.5638472666640368
      },
      "ssr": 3.436829998427182,
      "r2": 0.2300906710298719,
      "aic": 25.33876939970109,
      "bic": 27.77652104943749,
      "predicted_at_k": {
        "1": 0.7071728563882489,
        "2": 0.850498446112461,
        "3": 0.993824035836673,
        "4": 1.137149625560885,
        "5": 1.2804752152850971
      }
    },
    "fit_quadratic": {
      "model": "quadratic",
      "params": {
        "c": -0.09096231553030898,
        "d": 0.6890994829060669,
        "e": -0.07288894204812713
      },
      "ssr": 2.8576399991626933,
      "r2": 0.35983924279047763,
      "aic": 22.724933765264293,
      "bic": 26.381561239868894,
      "predicted_at_k": {
        "1": 0.5252482253276308,
        "2": 0.9414607616427708,
        "3": 1.175748666897293,
        "4": 1.228111941091197,
        "5": 1.0985505842244832
      }
    },
    "model_comparison": {
      "delta_aic_linear_minus_quadratic": 2.6138356344367963,
      "delta_bic_linear_minus_quadratic": 1.394959809568597,
      "verdict": "quadratic_preferred"
    },
    "jump_test": {
      "n_seeds": 5,
      "delta_3_to_4_mean": -0.1277202993289492,
      "delta_4_to_5_mean": 0.40035496896073075,
      "diff_mean": 0.5280752682896799,
      "diff_std": 0.15679956688823765,
      "t_stat": 7.530710834002578,
      "p_value_one_tailed": 0.0008324806582947509,
      "significant_at_005": true
    }
  },
  "per_organ_contribution": {
    "analysis": "per_organ_contribution",
    "added_at_k": {
      "2": "anima",
      "3": "eidolon",
      "4": "mneme",
      "5": "nous"
    },
    "contributions": {
      "anima": {
        "added_at_k": 2,
        "n_seeds": 5,
        "mean_delta_theta": 1.2059198276857552,
        "std_delta_theta": 0.16961123564072125,
        "min_delta_theta": 1.0031601452444043,
        "max_delta_theta": 1.4441820269232184
      },
      "eidolon": {
        "added_at_k": 3,
        "n_seeds": 5,
        "mean_delta_theta": -0.46537759935466755,
        "std_delta_theta": 0.0735833447326586,
        "min_delta_theta": -0.5707805496407806,
        "max_delta_theta": -0.3865673337833462
      },
      "mneme": {
        "added_at_k": 4,
        "n_seeds": 5,
        "mean_delta_theta": -0.1277202993289492,
        "std_delta_theta": 0.09678809194154693,
        "min_delta_theta": -0.28404801979382766,
        "max_delta_theta": -0.05591519675841894
      },
      "nous": {
        "added_at_k": 5,
        "n_seeds": 5,
        "mean_delta_theta": 0.40035496896073075,
        "std_delta_theta": 0.10204935674199425,
        "min_delta_theta": 0.2845855458984319,
        "max_delta_theta": 0.5252705597493807
      }
    },
    "ranking_by_abs_contribution": [
      "anima",
      "eidolon",
      "nous",
      "mneme"
    ]
  }
}