{
  "trial_id": "control1__random_perturbation__m0.4__s43",
  "mode": "control1",
  "perturbation_type": "random_perturbation",
  "magnitude": 0.4,
  "seed": 43,
  "n_beats": 600,
  "theta_baseline": 0.8217804780524139,
  "theta_peak": 1.077867936323752,
  "theta_final": 1.1857110428171638,
  "dr_ratio": 1.3116251421282905,
  "recovery_profile": -0.4211182664757693,
  "aos_g_mean": 4.070040702819824,
  "aos_g_peak": 5.472992420196533,
  "per_organ_theta_baseline": {
    "anima": 0.18580546340689458,
    "eidolon": 0.4237892383178245,
    "mneme": 0.18613428355172465,
    "nous": 0.19204630886488444,
    "pneuma": 0.35859713129715237
  },
  "per_organ_theta_peak": {
    "anima": 0.2112321599779949,
    "eidolon": 0.4210813972452157,
    "mneme": 0.20248556600266884,
    "nous": 0.23287128284756625,
    "pneuma": 0.35942426211007406
  },
  "per_organ_theta_recovery": {
    "anima": 0.21907008966287128,
    "eidolon": 0.41127833208787035,
    "mneme": 0.23668494248137045,
    "nous": 0.20948481458590956,
    "pneuma": 0.3583107714046067
  },
  "cascade_time_to_peak": {
    "anima": 209,
    "eidolon": 207,
    "mneme": 239,
    "nous": 228,
    "pneuma": 200
  },
  "cascade_delay": 2,
  "recovery_asymmetry": -21,
  "adaptation_delta": -0.012510906229954155,
  "elapsed_s": 0.1325058660004288
}