{
  "trial_id": "baseline__random_perturbation__m0.7__s42",
  "mode": "baseline",
  "perturbation_type": "random_perturbation",
  "magnitude": 0.7,
  "seed": 42,
  "n_beats": 600,
  "theta_baseline": 1.3321881893586909,
  "theta_peak": 1.1478906811290719,
  "theta_final": 1.416503180852769,
  "dr_ratio": 0.8616580527422789,
  "recovery_profile": 1.457493930894762,
  "aos_g_mean": 4.21453332901001,
  "aos_g_peak": 9.568511962890625,
  "per_organ_theta_baseline": {
    "anima": 0.3235137443123286,
    "eidolon": 0.3191239643414715,
    "mneme": 0.1701667621453359,
    "nous": 0.2955934598864759,
    "pneuma": 0.25569235771043397
  },
  "per_organ_theta_peak": {
    "anima": 0.23526445913885788,
    "eidolon": 0.23624701016718078,
    "mneme": 0.18869738679162631,
    "nous": 0.25102716763650823,
    "pneuma": 0.25674073627645744
  },
  "per_organ_theta_recovery": {
    "anima": 0.2312726112230971,
    "eidolon": 0.28829002190808206,
    "mneme": 0.2328176473810534,
    "nous": 0.30715238635315656,
    "pneuma": 0.2507868648392342
  },
  "cascade_time_to_peak": {
    "anima": 246,
    "eidolon": 246,
    "mneme": 239,
    "nous": 246,
    "pneuma": 240
  },
  "cascade_delay": 0,
  "recovery_asymmetry": 0,
  "adaptation_delta": -0.03083394243338944,
  "elapsed_s": 0.15255263191647828
}