{
  "trial_id": "baseline_s42",
  "condition": "baseline",
  "seed": 42,
  "n_beats": 600,
  "baseline_mean_delta": 3.622587203979492,
  "baseline_std_delta": 1.9813814163208008,
  "pre_pert_mean_delta": 4.362148761749268,
  "post_pert_mean_delta": 3.6298701763153076,
  "post_pre_ratio": 0.8321289420127869,
  "peak_delta": 9.230356216430664,
  "peak_beat": 246,
  "recovery_half_life_beats": 10.0,
  "theta_gap_correlation": 0.1292287375562065,
  "cascade_per_organ": {
    "anima": {
      "peak_beat": 246,
      "peak_z": -0.24345959722995758
    },
    "eidolon": {
      "peak_beat": 246,
      "peak_z": 1.4562472105026245
    },
    "mneme": {
      "peak_beat": 239,
      "peak_z": 2.755209445953369
    },
    "nous": {
      "peak_beat": 246,
      "peak_z": 4.608423233032227
    },
    "pneuma": {
      "peak_beat": 240,
      "peak_z": 0.736499011516571
    }
  },
  "cascade_order": [
    "mneme",
    "pneuma",
    "anima",
    "eidolon",
    "nous"
  ],
  "cascade_delays": [
    0,
    1,
    7,
    7,
    7
  ],
  "n_events": 70,
  "elapsed_s": 0.15273277601227164
}