{
  "trial_id": "baseline__direct_contradiction__m0.7__s46",
  "mode": "baseline",
  "perturbation_type": "direct_contradiction",
  "magnitude": 0.7,
  "seed": 46,
  "n_beats": 600,
  "theta_baseline": 1.241144554400876,
  "theta_peak": 1.0447151904015812,
  "theta_final": 1.191422292556845,
  "dr_ratio": 0.8417353052851165,
  "recovery_profile": 0.7468695065152811,
  "aos_g_mean": 4.405271530151367,
  "aos_g_peak": 9.5219087600708,
  "per_organ_theta_baseline": {
    "anima": 0.24570810030961573,
    "eidolon": 0.26295512785041747,
    "mneme": 0.1875191904082334,
    "nous": 0.25793647640127093,
    "pneuma": 0.24905811465105804
  },
  "per_organ_theta_peak": {
    "anima": 0.27854071426598626,
    "eidolon": 0.23023901838610022,
    "mneme": 0.18312067939697554,
    "nous": 0.31920380835412093,
    "pneuma": 0.24801977714148155
  },
  "per_organ_theta_recovery": {
    "anima": 0.21589241010713722,
    "eidolon": 0.2896972287639083,
    "mneme": 0.2350913572545427,
    "nous": 0.27397163826104415,
    "pneuma": 0.2131042092248621
  },
  "cascade_time_to_peak": {
    "anima": 217,
    "eidolon": 202,
    "mneme": 230,
    "nous": 236,
    "pneuma": 217
  },
  "cascade_delay": 15,
  "recovery_asymmetry": -34,
  "adaptation_delta": 0.02674210091349083,
  "elapsed_s": 0.15390114299952984
}