{
  "trial_id": "baseline__random_perturbation__m0.7__s44",
  "mode": "baseline",
  "perturbation_type": "random_perturbation",
  "magnitude": 0.7,
  "seed": 44,
  "n_beats": 600,
  "theta_baseline": 1.372172179376025,
  "theta_peak": 1.2361909035399836,
  "theta_final": 1.1969227408903171,
  "dr_ratio": 0.9009007193996041,
  "recovery_profile": -0.2887762481138492,
  "aos_g_mean": 4.948300838470459,
  "aos_g_peak": 8.113479614257812,
  "per_organ_theta_baseline": {
    "anima": 0.29773152770066547,
    "eidolon": 0.24616301247336775,
    "mneme": 0.22247447132346107,
    "nous": 0.26727857213645245,
    "pneuma": 0.26865762440776797
  },
  "per_organ_theta_peak": {
    "anima": 0.2558635019314054,
    "eidolon": 0.24603514220958034,
    "mneme": 0.23646011517441518,
    "nous": 0.24359978421624978,
    "pneuma": 0.23481371957419742
  },
  "per_organ_theta_recovery": {
    "anima": 0.3102733456800073,
    "eidolon": 0.24159079609851872,
    "mneme": 0.17561312133193444,
    "nous": 0.20749176068792125,
    "pneuma": 0.22005790349807056
  },
  "cascade_time_to_peak": {
    "anima": 208,
    "eidolon": 219,
    "mneme": 248,
    "nous": 219,
    "pneuma": 206
  },
  "cascade_delay": -11,
  "recovery_asymmetry": 0,
  "adaptation_delta": -0.004572216374849031,
  "elapsed_s": 0.15152023104019463
}