{
  "trial_id": "control1__nonsense__m0.4__s46",
  "mode": "control1",
  "perturbation_type": "nonsense",
  "magnitude": 0.4,
  "seed": 46,
  "n_beats": 600,
  "theta_baseline": 1.1530680836725404,
  "theta_peak": 0.9505041149844716,
  "theta_final": 0.9297185822865762,
  "dr_ratio": 0.8243260987305283,
  "recovery_profile": -0.10261219126242213,
  "aos_g_mean": 3.8553435802459717,
  "aos_g_peak": 6.824521064758301,
  "per_organ_theta_baseline": {
    "anima": 0.21705866571902058,
    "eidolon": 0.4128275116003383,
    "mneme": 0.20841460012774513,
    "nous": 0.2803182110497145,
    "pneuma": 0.35859787362274437
  },
  "per_organ_theta_peak": {
    "anima": 0.18498260184960005,
    "eidolon": 0.42271161704984184,
    "mneme": 0.20375060588509664,
    "nous": 0.2356265576641003,
    "pneuma": 0.35942357872643205
  },
  "per_organ_theta_recovery": {
    "anima": 0.18346492607360804,
    "eidolon": 0.3971902083046638,
    "mneme": 0.18346007123218336,
    "nous": 0.22213959259594634,
    "pneuma": 0.3583095234522745
  },
  "cascade_time_to_peak": {
    "anima": 236,
    "eidolon": 208,
    "mneme": 234,
    "nous": 203,
    "pneuma": 200
  },
  "cascade_delay": 28,
  "recovery_asymmetry": 5,
  "adaptation_delta": -0.01563730329567453,
  "elapsed_s": 0.13322150404565036
}