{
  "trial_id": "control1__direct_contradiction__m0.7__s46",
  "mode": "control1",
  "perturbation_type": "direct_contradiction",
  "magnitude": 0.7,
  "seed": 46,
  "n_beats": 600,
  "theta_baseline": 1.1530680836725404,
  "theta_peak": 1.0290200214332679,
  "theta_final": 0.9297185822865762,
  "dr_ratio": 0.8924191346583998,
  "recovery_profile": -0.8005077818559722,
  "aos_g_mean": 3.8644745349884033,
  "aos_g_peak": 6.8925909996032715,
  "per_organ_theta_baseline": {
    "anima": 0.21705866571902058,
    "eidolon": 0.4128275116003383,
    "mneme": 0.20841460012774513,
    "nous": 0.2803182110497145,
    "pneuma": 0.35859787362274437
  },
  "per_organ_theta_peak": {
    "anima": 0.21610443798720874,
    "eidolon": 0.46504790525803674,
    "mneme": 0.19847744644454215,
    "nous": 0.23570335366750542,
    "pneuma": 0.35942358032863053
  },
  "per_organ_theta_recovery": {
    "anima": 0.18346492607360804,
    "eidolon": 0.3971902083046638,
    "mneme": 0.18346007123218336,
    "nous": 0.22213959259594634,
    "pneuma": 0.3583095234522745
  },
  "cascade_time_to_peak": {
    "anima": 236,
    "eidolon": 202,
    "mneme": 234,
    "nous": 203,
    "pneuma": 200
  },
  "cascade_delay": 34,
  "recovery_asymmetry": -1,
  "adaptation_delta": -0.01563730329567453,
  "elapsed_s": 0.135522176977247
}