{
  "trial_id": "control1__random_perturbation__m0.4__s45",
  "mode": "control1",
  "perturbation_type": "random_perturbation",
  "magnitude": 0.4,
  "seed": 45,
  "n_beats": 600,
  "theta_baseline": 2.636713312432193,
  "theta_peak": 1.0139672509325166,
  "theta_final": 0.9399613582474131,
  "dr_ratio": 0.38455726155423364,
  "recovery_profile": -0.04560534420074958,
  "aos_g_mean": 3.5019125938415527,
  "aos_g_peak": 3.918410301208496,
  "per_organ_theta_baseline": {
    "anima": 0.23896652452982478,
    "eidolon": 0.4096196839564493,
    "mneme": 0.4681643005931609,
    "nous": 0.49857141190116316,
    "pneuma": 0.37870786645443066
  },
  "per_organ_theta_peak": {
    "anima": 0.24835376284877797,
    "eidolon": 0.4095329336010255,
    "mneme": 0.1333921811750781,
    "nous": 0.20570433823900086,
    "pneuma": 0.35942419104481577
  },
  "per_organ_theta_recovery": {
    "anima": 0.24642692977541336,
    "eidolon": 0.4346956183795067,
    "mneme": 0.1911843157105675,
    "nous": 0.16260405567631345,
    "pneuma": 0.358309475068984
  },
  "cascade_time_to_peak": {
    "anima": 218,
    "eidolon": 214,
    "mneme": 205,
    "nous": 223,
    "pneuma": 200
  },
  "cascade_delay": 4,
  "recovery_asymmetry": -9,
  "adaptation_delta": 0.02507593442305739,
  "elapsed_s": 0.13884176197461784
}