{
  "trial_id": "control2__nonsense__m0.4__s43",
  "mode": "control2",
  "perturbation_type": "nonsense",
  "magnitude": 0.4,
  "seed": 43,
  "n_beats": 600,
  "theta_baseline": 1.096400551688314,
  "theta_peak": 1.5839673304717543,
  "theta_final": 1.2856794862108305,
  "dr_ratio": 1.4446976773521785,
  "recovery_profile": 0.6117886969354255,
  "aos_g_mean": 3.1564559936523438,
  "aos_g_peak": 5.248363018035889,
  "per_organ_theta_baseline": {
    "anima": 0.2272632259667838,
    "eidolon": 0.28666634316020995,
    "mneme": 0.21868089414911554,
    "nous": 0.18528023086388742,
    "pneuma": 0.27382867964364604
  },
  "per_organ_theta_peak": {
    "anima": 0.2661275625513632,
    "eidolon": 0.2330826599814529,
    "mneme": 0.49155523983709926,
    "nous": 0.534539869140569,
    "pneuma": 0.3105246025899839
  },
  "per_organ_theta_recovery": {
    "anima": 0.20371930238200409,
    "eidolon": 0.31806935221046495,
    "mneme": 0.23590787231715327,
    "nous": 0.212957351353291,
    "pneuma": 0.3186541866858609
  },
  "cascade_time_to_peak": {
    "anima": 248,
    "eidolon": 248,
    "mneme": 248,
    "nous": 246,
    "pneuma": 248
  },
  "cascade_delay": 0,
  "recovery_asymmetry": 2,
  "adaptation_delta": 0.031403009050255004,
  "elapsed_s": 0.15710650105029345
}