{
  "trial_id": "nonsense_s43",
  "condition": "nonsense",
  "seed": 43,
  "n_beats": 600,
  "baseline_mean_delta": 1.3518702983856201,
  "baseline_std_delta": 0.9221867918968201,
  "pre_pert_mean_delta": 0.8641199469566345,
  "post_pert_mean_delta": 0.1341698169708252,
  "post_pre_ratio": 0.15526758134365082,
  "peak_delta": 3.4274680614471436,
  "peak_beat": 248,
  "recovery_half_life_beats": 104.0,
  "theta_gap_correlation": -0.24328562566593748,
  "cascade_per_organ": {
    "anima": {
      "peak_beat": 251,
      "peak_z": 1.5123361349105835
    },
    "eidolon": {
      "peak_beat": 253,
      "peak_z": 0.681191086769104
    },
    "mneme": {
      "peak_beat": 258,
      "peak_z": 9.116562843322754
    },
    "nous": {
      "peak_beat": 246,
      "peak_z": 0.055806826800107956
    },
    "pneuma": {
      "peak_beat": 252,
      "peak_z": 1.3009237051010132
    }
  },
  "cascade_order": [
    "nous",
    "anima",
    "pneuma",
    "eidolon",
    "mneme"
  ],
  "cascade_delays": [
    0,
    5,
    6,
    7,
    12
  ],
  "n_events": 85,
  "elapsed_s": 0.15205898904241621
}