{
  "trial_id": "control1__direct_contradiction__m0.7__s45",
  "mode": "control1",
  "perturbation_type": "direct_contradiction",
  "magnitude": 0.7,
  "seed": 45,
  "n_beats": 600,
  "theta_baseline": 2.636713312432193,
  "theta_peak": 1.0384379301010513,
  "theta_final": 0.9393484652276441,
  "dr_ratio": 0.3938380123484723,
  "recovery_profile": -0.06199774204673145,
  "aos_g_mean": 3.5147111415863037,
  "aos_g_peak": 3.743879795074463,
  "per_organ_theta_baseline": {
    "anima": 0.23896652452982478,
    "eidolon": 0.4096196839564493,
    "mneme": 0.4681643005931609,
    "nous": 0.49857141190116316,
    "pneuma": 0.37870786645443066
  },
  "per_organ_theta_peak": {
    "anima": 0.2627561191300623,
    "eidolon": 0.4082391175466219,
    "mneme": 0.17350821583191892,
    "nous": 0.20976156011969394,
    "pneuma": 0.3594246434322479
  },
  "per_organ_theta_recovery": {
    "anima": 0.2463837789637401,
    "eidolon": 0.4346879168023691,
    "mneme": 0.19116048425622442,
    "nous": 0.16263186618196115,
    "pneuma": 0.35830947500647536
  },
  "cascade_time_to_peak": {
    "anima": 223,
    "eidolon": 202,
    "mneme": 204,
    "nous": 223,
    "pneuma": 200
  },
  "cascade_delay": 21,
  "recovery_asymmetry": -21,
  "adaptation_delta": 0.025068232845919802,
  "elapsed_s": 0.1347055691294372
}