{
  "f_cutoffs": [
    25.0,
    30.0,
    35.0,
    40.0,
    45.0,
    50.0,
    55.0,
    60.0,
    65.0,
    70.0,
    75.0,
    80.0,
    85.0,
    90.0,
    95.0,
    100.0,
    105.0,
    110.0,
    115.0,
    120.0,
    125.0,
    130.0,
    135.0,
    140.0,
    145.0,
    150.0,
    155.0,
    160.0,
    165.0,
    170.0,
    175.0,
    180.0,
    185.0,
    190.0,
    195.0,
    200.0,
    205.0,
    210.0,
    215.0,
    220.0,
    225.0,
    230.0,
    235.0,
    240.0,
    245.0,
    250.0,
    255.0,
    260.0,
    265.0,
    270.0,
    275.0,
    280.0,
    285.0,
    290.0,
    295.0,
    300.0,
    305.0,
    310.0,
    315.0,
    320.0,
    325.0,
    330.0,
    335.0,
    340.0,
    345.0,
    350.0,
    355.0,
    360.0,
    365.0,
    370.0,
    375.0,
    380.0,
    385.0,
    390.0,
    395.0,
    400.0,
    405.0,
    410.0,
    415.0,
    420.0,
    425.0,
    430.0,
    435.0,
    440.0,
    445.0,
    450.0,
    455.0,
    460.0,
    465.0,
    470.0,
    475.0,
    480.0,
    485.0,
    490.0,
    495.0,
    500.0
  ],
  "norms": [
    378.93166514438803,
    723.4665537734634,
    1037.6337354978941,
    1323.6535313289978,
    1582.6857126880461,
    1815.4190138658712,
    2022.5091233013559,
    2204.8669033137535,
    2363.7964306534045,
    2500.9997038525544,
    2618.486116193408,
    2718.4351157545143,
    2803.055392755796,
    2874.4689355977566,
    2934.6316962123356,
    2985.290225012537,
    3027.967133799032,
    3063.9664163587486,
    3094.390539654909,
    3120.163205890868,
    3142.053674007305,
    3160.700200909547,
    3176.63131810015,
    3190.284432703162,
    3202.021695729834,
    3212.1433050488276,
    3220.8985467111347,
    3228.4948741016296,
    3235.10535682689,
    3240.874760920352,
    3245.92451970569,
    3250.3567801061854,
    3254.257720210866,
    3257.7002547629536,
    3260.746248780757,
    3263.4483467776813,
    3265.8514690404054,
    3267.994045084197,
    3269.909046915908,
    3271.6248280780496,
    3273.165834042696,
    3274.5531985586404,
    3275.805223372396,
    3276.937804502848,
    3277.9647675797087,
    3278.898178802918,
    3279.7485738866694,
    3280.5251782331825,
    3281.2360874563597,
    3281.8884182703478,
    3282.4884301595903,
    3283.0416490915304,
    3283.5529546751245,
    3284.026669344488,
    3284.4666194547763,
    3284.876201305443,
    3285.258440354226,
    3285.616021921044,
    3285.951348536738,
    3286.2665563364,
    3286.563561853324,
    3286.844084410352,
    3287.1096510077145,
    3287.361644610311,
    3287.6013016963952,
    3287.8297362475773,
    3288.047954563831,
    3288.256855791015,
    3288.457260434746,
    3288.649905073901,
    3288.83545540781,
    3289.014516294198,
    3289.1876334582516,
    3289.355306589351,
    3289.5179842550606,
    3289.676075520389,
    3289.8299544165875,
    3289.9799601664695,
    3290.1264018512425,
    3290.2695633011285,
    3290.4096945098163,
    3290.5470421984814,
    3290.6818150172403,
    3290.814207729765,
    3290.9444013586026,
    3291.0725668359096,
    3291.198852530938,
    3291.323394025098,
    3291.446323856557,
    3291.567754568782,
    3291.687798184443,
    3291.8065541118704,
    3291.9241123211036,
    3292.040557785822,
    3292.1559682770435,
    3292.2704130063066
  ],
  "taus": [
    89.64641908338164,
    55.12936078442772,
    36.54754290297879,
    25.59841011397192,
    18.698478362309785,
    14.118426306356254,
    10.949790186016264,
    8.682330264943678,
    7.013541188338603,
    5.755877328174871,
    4.788611459355744,
    4.0314969683043795,
    3.429697637512914,
    2.9448258112097396,
    2.549431546393424,
    2.223512811845971,
    1.952247335096768,
    1.724483893411774,
    1.5317176916671906,
    1.367381332867734,
    1.2263457627062526,
    1.104563522186564,
    0.9988100882756915,
    0.9064938757975227,
    0.8255149896516647,
    0.7541590471762639,
    0.6910165374638969,
    0.6349209866192566,
    0.5849011181754903,
    0.5401435310346546,
    0.49996335419382687,
    0.4637810034771121,
    0.4311036439418799,
    0.40151030882088906,
    0.37463988019313565,
    0.35018132454445966,
    0.327865716470085,
    0.3074596890111985,
    0.288760028772585,
    0.2715891946892701,
    0.2557915859120353,
    0.24123042027848482,
    0.2277851128124147,
    0.21534906556417086,
    0.20382779729685088,
    0.19313735511037386,
    0.1832029608884198,
    0.17395785406860934,
    0.16534229914564552,
    0.1573027318832375,
    0.14979102271395495,
    0.14276383946476098,
    0.13618209453015065,
    0.13001046405823513,
    0.1242169687231465,
    0.11877260731325447,
    0.11365103573523525,
    0.10882828517202912,
    0.10428251408063324,
    0.09999378950770284,
    0.09594389386468251,
    0.09211615386204364,
    0.08849528877237237,
    0.08506727558938826,
    0.08181922898663933,
    0.07873929426560611,
    0.07581655172648158,
    0.07304093110277261,
    0.07040313487872599,
    0.06789456946109486,
    0.06550728330782975,
    0.06323391122915369,
    0.06106762417389388,
    0.059002083898178126,
    0.057031401986586426,
    0.05515010275920413,
    0.05335308965312299,
    0.051635614714940534,
    0.049993250882709166,
    0.04842186677241756,
    0.04691760371616783,
    0.04547685482735365,
    0.044096245892868084,
    0.04277261791412605,
    0.041503011137860174,
    0.04028465043457078,
    0.03911493189746775,
    0.03799141054798127,
    0.036911789045652545,
    0.03587390731062996,
    0.03487573297625224,
    0.03391535259743625,
    0.0329909635479253,
    0.03210086654600097,
    0.03124345875410828,
    0.030417227403072646
  ],