{
  "trial_id": "control2__direct_contradiction__m0.4__s44",
  "mode": "control2",
  "perturbation_type": "direct_contradiction",
  "magnitude": 0.4,
  "seed": 44,
  "n_beats": 600,
  "theta_baseline": 1.2698555952694044,
  "theta_peak": 1.2960783644488207,
  "theta_final": 1.2296418144953922,
  "dr_ratio": 1.0206501977682376,
  "recovery_profile": 2.5335443979569523,
  "aos_g_mean": 4.941963195800781,
  "aos_g_peak": 9.148845672607422,
  "per_organ_theta_baseline": {
    "anima": 0.3243766354421627,
    "eidolon": 0.2451529859108069,
    "mneme": 0.23542350490836852,
    "nous": 0.2826469967192584,
    "pneuma": 0.25309852055120163
  },
  "per_organ_theta_peak": {
    "anima": 0.34184102290170176,
    "eidolon": 0.24966940650435948,
    "mneme": 0.2805579203778712,
    "nous": 0.27213990350794653,
    "pneuma": 0.2892504429164677
  },
  "per_organ_theta_recovery": {
    "anima": 0.30411197211171503,
    "eidolon": 0.24044908689430255,
    "mneme": 0.18622587071934146,
    "nous": 0.20636176973127743,
    "pneuma": 0.2426173003063328
  },
  "cascade_time_to_peak": {
    "anima": 217,
    "eidolon": 202,
    "mneme": 210,
    "nous": 219,
    "pneuma": 205
  },
  "cascade_delay": 15,
  "recovery_asymmetry": -17,
  "adaptation_delta": -0.004703899016504337,
  "elapsed_s": 0.1569736220408231
}