{
  "trial_id": "control4__random_perturbation__m0.4__s42",
  "mode": "control4",
  "perturbation_type": "random_perturbation",
  "magnitude": 0.4,
  "seed": 42,
  "n_beats": 600,
  "theta_baseline": 1.3321881893586909,
  "theta_peak": 1.362739466126604,
  "theta_final": 1.416543309555573,
  "dr_ratio": 1.0229331538981894,
  "recovery_profile": -1.7610996698336847,
  "aos_g_mean": 0.0,
  "aos_g_peak": 0.0,
  "per_organ_theta_baseline": {
    "anima": 0.3235137443123286,
    "eidolon": 0.3191239643414715,
    "mneme": 0.1701667621453359,
    "nous": 0.2955934598864759,
    "pneuma": 0.25569235771043397
  },
  "per_organ_theta_peak": {
    "anima": 0.25889074292169006,
    "eidolon": 0.2765797058751105,
    "mneme": 0.21444510395243804,
    "nous": 0.26086572384933465,
    "pneuma": 0.2734114227647298
  },
  "per_organ_theta_recovery": {
    "anima": 0.23131916429388644,
    "eidolon": 0.2882906130215422,
    "mneme": 0.2328178618576974,
    "nous": 0.3071278019801119,
    "pneuma": 0.25075474812718124
  },
  "cascade_time_to_peak": {
    "anima": 200,
    "eidolon": 200,
    "mneme": 200,
    "nous": 200,
    "pneuma": 200
  },
  "cascade_delay": 0,
  "recovery_asymmetry": 0,
  "adaptation_delta": -0.030833351319929314,
  "elapsed_s": 0.06914214696735144
}