{
  "trial_id": "control2__direct_contradiction__m0.7__s45",
  "mode": "control2",
  "perturbation_type": "direct_contradiction",
  "magnitude": 0.7,
  "seed": 45,
  "n_beats": 600,
  "theta_baseline": 1.3982275997030424,
  "theta_peak": 1.4755187433065544,
  "theta_final": 1.520634750872676,
  "dr_ratio": 1.0552779416025884,
  "recovery_profile": -0.5837150993334723,
  "aos_g_mean": 5.102349281311035,
  "aos_g_peak": 11.172253608703613,
  "per_organ_theta_baseline": {
    "anima": 0.3076482670098448,
    "eidolon": 0.3673589613499819,
    "mneme": 0.18984725651190232,
    "nous": 0.2627649542165772,
    "pneuma": 0.32236444460233615
  },
  "per_organ_theta_peak": {
    "anima": 0.27306888928224726,
    "eidolon": 0.19836891607478657,
    "mneme": 0.4208740190241313,
    "nous": 0.5285689805426114,
    "pneuma": 0.25739850414031046
  },
  "per_organ_theta_recovery": {
    "anima": 0.26249212538228567,
    "eidolon": 0.34653731808761556,
    "mneme": 0.22897937574959654,
    "nous": 0.2386789549721134,
    "pneuma": 0.3005626827221835
  },
  "cascade_time_to_peak": {
    "anima": 237,
    "eidolon": 248,
    "mneme": 236,
    "nous": 233,
    "pneuma": 248
  },
  "cascade_delay": -11,
  "recovery_asymmetry": 15,
  "adaptation_delta": -0.02082164326236635,
  "elapsed_s": 0.16077046794816852
}