{
  "trial_id": "control1__nonsense__m1.0__s45",
  "mode": "control1",
  "perturbation_type": "nonsense",
  "magnitude": 1.0,
  "seed": 45,
  "n_beats": 600,
  "theta_baseline": 2.636713312432193,
  "theta_peak": 1.0368567580011092,
  "theta_final": 0.9393484652276441,
  "dr_ratio": 0.3932383369524075,
  "recovery_profile": -0.06094814719694633,
  "aos_g_mean": 3.5155727863311768,
  "aos_g_peak": 3.7496163845062256,
  "per_organ_theta_baseline": {
    "anima": 0.23896652452982478,
    "eidolon": 0.4096196839564493,
    "mneme": 0.4681643005931609,
    "nous": 0.49857141190116316,
    "pneuma": 0.37870786645443066
  },
  "per_organ_theta_peak": {
    "anima": 0.25216553915513434,
    "eidolon": 0.39928487730857404,
    "mneme": 0.16812612175820973,
    "nous": 0.2044622169063182,
    "pneuma": 0.35942451444482276
  },
  "per_organ_theta_recovery": {
    "anima": 0.2463837789637401,
    "eidolon": 0.4346879168023691,
    "mneme": 0.19116048425622442,
    "nous": 0.16263186618196115,
    "pneuma": 0.35830947500647536
  },
  "cascade_time_to_peak": {
    "anima": 223,
    "eidolon": 209,
    "mneme": 204,
    "nous": 223,
    "pneuma": 200
  },
  "cascade_delay": 14,
  "recovery_asymmetry": -14,
  "adaptation_delta": 0.025068232845919802,
  "elapsed_s": 0.13292739493772388
}