{
  "C": {
    "22Hz": 7.870031102768706e-07,
    "25Hz": 4.523835031176011e-06,
    "28Hz": 1.1214543903775656e-05,
    "31Hz": 2.1266076879204177e-05,
    "35Hz": 3.9641010361984385e-05,
    "40Hz": 6.991916648626482e-05,
    "45Hz": 0.00011077632822359901,
    "50Hz": 0.00015723807871857615,
    "55Hz": 0.00021640650133975483,
    "60Hz": 0.00027512808715228243,
    "75Hz": 0.00047699687315651957,
    "91Hz": 0.0006836170185489216,
    "110Hz": 0.0009103725831748808,
    "140Hz": 0.0011619876990308817,
    "180Hz": 0.001357997944729646,
    "252Hz": 0.0015131684820246538,
    "351Hz": 0.001582506099373507,
    "500Hz": 0.0016085799519302043
  },
  "growth_factor": 2043.9308700626354,
  "vd_500": [
    -3.1319850601750214e-07,
    -0.08644332962048526,
    0.006530023845387846,
    0.9962353685512956,
    -2.6238225787019367e-07
  ],
  "evals_500": [
    2.235041241019709e-43,
    3.616962508184566e-46,
    1.5971042805980166e-50,
    4.750164943770038e-51,
    8.421294887413171e-53
  ],
  "cond_22": 3.062128547692698e+29,
  "cond_500": 2654035122.7093024,
  "comm_integral_zdhp": 4.06741514636681e-56,
  "comm_integral_early": 6.129052222146998e-57,
  "dual_psd_ratio": 3.039719521283098,
  "slope_full": 2.1068491846988766
}