{
  "task": "T02_T03_alignment",
  "posterior_source": "GW170817_GWTC-1 IMRPhenomPv2NRT",
  "f_analysis_hz": 500.0,
  "psd": "ZDHP",
  "expansion_point": {
    "Mc": 1.1976401990005625,
    "q": 0.737508491224335,
    "chi_eff": 0.02258466205578362,
    "Lambda_tilde": 566.4620923085889,
    "DL": 40.37727748539286
  },
  "posterior_means": {
    "lowSpin": {
      "Mc": 1.197555435188454,
      "q": 0.8605117648682049,
      "chi_eff": 0.0043199825415697725,
      "Lambda_tilde": 623.1260250656317,
      "DL": 38.361784595393964
    },
    "highSpin": {
      "Mc": 1.1976401990005625,
      "q": 0.737508491224335,
      "chi_eff": 0.02258466205578362,
      "Lambda_tilde": 566.4620923085889,
      "DL": 40.37727748539286
    }
  },
  "displacement_phys": {
    "Mc": -8.476381210842376e-05,
    "q": 0.12300327364386987,
    "chi_eff": -0.018264679514213848,
    "Lambda_tilde": 56.663932757042744,
    "DL": -2.015492889998896
  },
  "displacement_coords": {
    "ln Mc": -7.07781952621056e-05,
    "q": 0.12300327364386987,
    "chi_eff": -0.018264679514213848,
    "Lt/100": 0.566639327570428,
    "ln DL": -0.05120541702665404
  },
  "eigenvalues_descending": [
    2.1591233430566473e-43,
    3.632237303007853e-46,
    1.5728651533384225e-50,
    9.179822533083687e-51,
    8.421313573810105e-54
  ],
  "vd": {
    "Mc": -7.019685598481474e-07,
    "q": 0.0486555069772182,
    "chi_eff": -0.005310378817721974,
    "Lambda_tilde": -0.9988015025603272,
    "DL": -5.852871698280334e-07
  },
  "condition_number": 25638795232.271374,
  "cos_alpha": -0.011324613426387624,
  "cos2_alpha": 0.00012824686925711883,
  "alpha_deg": 90.64886642363443,
  "p_value": 0.9830138060335273,
  "p_significant": false,
  "rho2_500": 2.0583560334884668e-50,
  "inner_prod": -4.714911592330775e-54,
  "norm_dx": 1.4346971922633942e-25,
  "norm_vd": 2.9019499606336883e-27
}