{
  "timestamp": "2026-06-12T23:18:25.017386",
  "theta0_phys": [
    1.197598,
    0.79901,
    0.013452,
    594.794,
    39.3695
  ],
  "theta0_primary": [
    0.18031788411520702,
    0.79901,
    0.013452,
    5.94794,
    3.6729914048496
  ],
  "eigenvalues": [
    0.051959210767180304,
    28.104816556215837,
    103.37531276544357,
    2335887.333952812,
    1419128043.0669894
  ],
  "eigenvectors": [
    [
      -6.222467719406164e-07,
      0.0001337035853680753,
      1.5390719328306527e-07,
      -0.05556058761008101,
      0.9984553085778867
    ],
    [
      0.06992115949681103,
      0.9949023543765378,
      -0.00015205726073202049,
      -0.0725460108936451,
      -0.004170119021352524
    ],
    [
      -0.005312979234308502,
      -0.07247148186751713,
      1.3124174467146166e-05,
      -0.9958162729741084,
      -0.05540403302372599
    ],
    [
      -0.9975383720467205,
      0.07012238073233322,
      -1.1248237251557677e-05,
      0.00021882321361863988,
      2.1649635127787488e-06
    ],
    [
      -5.187997395688327e-07,
      0.0001530219894633401,
      0.9999999882898994,
      2.049131383727149e-06,
      -6.06097825747646e-08
    ]
  ],
  "kappa_5": 27312347938.190247,
  "kappa_4": 50494122.25226306,
  "v5": [
    6.222467719406164e-07,
    -0.06992115949681103,
    0.005312979234308502,
    0.9975383720467205,
    5.187997395688327e-07
  ],
  "vd_rotation_max_deg": 3.310650540345245,
  "v1_rotation_max_deg": 1.738565358800947,
  "T3_cos2_alpha_4D": 0.913254925561947,
  "T3_alpha_4D_deg": 17.12906654333309,
  "T3_p_value_4D": 0.011139242441131484,
  "T3_CI_alpha_95": [
    13.835016921160769,
    20.05881583924523
  ],
  "T3_altA_alpha": 30.4693083769964,
  "T3_altB_alpha": 82.42496227405601,
  "rho2_crossing_2_Hz": 21.33265085718678,
  "rho2_total": 468.9757099118944,
  "K_max_comm_norm": 723355130678992.0,
  "K_mean_bias_integrand": 168849563702.7343,
  "D2_ratio_0_01x": 0.991115152744044
}