{
  "U0_\u03ba_full": 30057847677.80277,
  "U0_C_full": 0.0016436625861658343,
  "U0_C_first": 3.073276299380379e-09,
  "U0_growth": 534824.2156089977,
  "U0_vd": [
    -6.626147724409644e-07,
    -0.10106596776370061,
    0.005184675814032329,
    0.9948662167829126,
    -5.524122351996609e-07
  ],
  "U0_\u03bb_max": 1245474213.2855992,
  "U0_\u03bb_min": 0.041435908073748924,
  "U0_elapsed_s": 1.1068153381347656
}