{
  "theta_phys": [
    1.197598,
    0.79901,
    0.013452,
    594.794,
    39.3695
  ],
  "theta0_primary": [
    0.18031788411520702,
    0.79901,
    0.013452,
    5.94794,
    3.6729914048496
  ],
  "kappa_full": 27312347937.066547,
  "C_full": 0.0016459995865010602,
  "C_first": 2.3134654435863688e-09,
  "growth_factor": 711486.5670737692,
  "vd": [
    6.222467719406164e-07,
    -0.06992115949681103,
    0.005312979234308502,
    0.9975383720467205,
    5.187997395688327e-07
  ],
  "lambda_max": 1419128043.0669894,
  "lambda_min": 0.051959210767180304,
  "lambda_all": [
    1419128043.0669894,
    2335887.333952812,
    103.37531276544357,
    28.104816556215837,
    0.051959210767180304
  ],
  "f_min": 20.0,
  "f_max": 500.0,
  "N_freq": 500,
  "psd": "ZDHP",
  "sn_ref": 1.6e-46,
  "elapsed_s": 1.1281845569610596
}