{
  "trial_id": "control1__direct_contradiction__m1.0__s45",
  "mode": "control1",
  "perturbation_type": "direct_contradiction",
  "magnitude": 1.0,
  "seed": 45,
  "n_beats": 600,
  "theta_baseline": 2.636713312432193,
  "theta_peak": 1.0365765285722026,
  "theta_final": 0.9393484652276441,
  "dr_ratio": 0.3931320571276024,
  "recovery_profile": -0.06076234502279012,
  "aos_g_mean": 3.514744520187378,
  "aos_g_peak": 3.7437586784362793,
  "per_organ_theta_baseline": {
    "anima": 0.23896652452982478,
    "eidolon": 0.4096196839564493,
    "mneme": 0.4681643005931609,
    "nous": 0.49857141190116316,
    "pneuma": 0.37870786645443066
  },
  "per_organ_theta_peak": {
    "anima": 0.25639356190542856,
    "eidolon": 0.4024543151613346,
    "mneme": 0.17146032534974706,
    "nous": 0.21085173843206317,
    "pneuma": 0.35942448209712463
  },
  "per_organ_theta_recovery": {
    "anima": 0.2463837789637401,
    "eidolon": 0.4346879168023691,
    "mneme": 0.19116048425622442,
    "nous": 0.16263186618196115,
    "pneuma": 0.35830947500647536
  },
  "cascade_time_to_peak": {
    "anima": 223,
    "eidolon": 201,
    "mneme": 204,
    "nous": 223,
    "pneuma": 200
  },
  "cascade_delay": 22,
  "recovery_asymmetry": -22,
  "adaptation_delta": 0.025068232845919802,
  "elapsed_s": 0.13748761103488505
}