{
  "trial_id": "baseline__random_perturbation__m1.0__s45",
  "mode": "baseline",
  "perturbation_type": "random_perturbation",
  "magnitude": 1.0,
  "seed": 45,
  "n_beats": 600,
  "theta_baseline": 1.314688795504567,
  "theta_peak": 1.3936666232642814,
  "theta_final": 1.5190427778484028,
  "dr_ratio": 1.0600734014237974,
  "recovery_profile": -1.5874854771338018,
  "aos_g_mean": 5.222992420196533,
  "aos_g_peak": 11.31695556640625,
  "per_organ_theta_baseline": {
    "anima": 0.28615355980759993,
    "eidolon": 0.33310598903917626,
    "mneme": 0.18592731967880194,
    "nous": 0.23896053656206803,
    "pneuma": 0.2889717724351896
  },
  "per_organ_theta_peak": {
    "anima": 0.2651624825964159,
    "eidolon": 0.2251235706118143,
    "mneme": 0.390545469719974,
    "nous": 0.5235643458101499,
    "pneuma": 0.22620252118815834
  },
  "per_organ_theta_recovery": {
    "anima": 0.2756141866156045,
    "eidolon": 0.3445213366688521,
    "mneme": 0.21933367504212964,
    "nous": 0.2503126855146091,
    "pneuma": 0.3088410927517542
  },
  "cascade_time_to_peak": {
    "anima": 231,
    "eidolon": 247,
    "mneme": 233,
    "nous": 231,
    "pneuma": 248
  },
  "cascade_delay": -16,
  "recovery_asymmetry": 16,
  "adaptation_delta": 0.011415347629675832,
  "elapsed_s": 0.15638375002890825
}