{
  "trial_id": "direct_contradiction_s42",
  "condition": "direct_contradiction",
  "seed": 42,
  "n_beats": 600,
  "baseline_mean_delta": 3.622587203979492,
  "baseline_std_delta": 1.9813814163208008,
  "pre_pert_mean_delta": 4.362148761749268,
  "post_pert_mean_delta": 4.707420349121094,
  "post_pre_ratio": 1.0791517496109009,
  "peak_delta": 9.261635780334473,
  "peak_beat": 246,
  "recovery_half_life_beats": 10.0,
  "theta_gap_correlation": -0.19626717211694258,
  "cascade_per_organ": {
    "anima": {
      "peak_beat": 200,
      "peak_z": -0.2099003940820694
    },
    "eidolon": {
      "peak_beat": 247,
      "peak_z": 2.5236167907714844
    },
    "mneme": {
      "peak_beat": 200,
      "peak_z": 3.649338722229004
    },
    "nous": {
      "peak_beat": 246,
      "peak_z": 4.608429908752441
    },
    "pneuma": {
      "peak_beat": 240,
      "peak_z": 0.7099784016609192
    }
  },
  "cascade_order": [
    "anima",
    "mneme",
    "pneuma",
    "nous",
    "eidolon"
  ],
  "cascade_delays": [
    0,
    0,
    40,
    46,
    47
  ],
  "n_events": 70,
  "elapsed_s": 0.15579307777807117
}