{
  "trial_id": "control2__direct_contradiction__m0.4__s45",
  "mode": "control2",
  "perturbation_type": "direct_contradiction",
  "magnitude": 0.4,
  "seed": 45,
  "n_beats": 600,
  "theta_baseline": 1.3982275997030424,
  "theta_peak": 1.5491533901460326,
  "theta_final": 1.520634750872676,
  "dr_ratio": 1.107940789092594,
  "recovery_profile": 0.18895802493165664,
  "aos_g_mean": 5.0992937088012695,
  "aos_g_peak": 11.168356895446777,
  "per_organ_theta_baseline": {
    "anima": 0.3076482670098448,
    "eidolon": 0.3673589613499819,
    "mneme": 0.18984725651190232,
    "nous": 0.2627649542165772,
    "pneuma": 0.32236444460233615
  },
  "per_organ_theta_peak": {
    "anima": 0.28336124294024073,
    "eidolon": 0.2326792578153549,
    "mneme": 0.4256269958608021,
    "nous": 0.5306362367046229,
    "pneuma": 0.25375347137773885
  },
  "per_organ_theta_recovery": {
    "anima": 0.26249212538228567,
    "eidolon": 0.34653731808761556,
    "mneme": 0.22897937574959654,
    "nous": 0.2386789549721134,
    "pneuma": 0.3005626827221835
  },
  "cascade_time_to_peak": {
    "anima": 237,
    "eidolon": 248,
    "mneme": 236,
    "nous": 235,
    "pneuma": 248
  },
  "cascade_delay": -11,
  "recovery_asymmetry": 13,
  "adaptation_delta": -0.02082164326236635,
  "elapsed_s": 0.15943957096897066
}