{
  "trial_id": "baseline__random_perturbation__m1.0__s42",
  "mode": "baseline",
  "perturbation_type": "random_perturbation",
  "magnitude": 1.0,
  "seed": 42,
  "n_beats": 600,
  "theta_baseline": 1.3321881893586909,
  "theta_peak": 1.06597296903466,
  "theta_final": 1.4164909109235908,
  "dr_ratio": 0.8001669565527483,
  "recovery_profile": 1.3166713062547237,
  "aos_g_mean": 4.219099521636963,
  "aos_g_peak": 9.629934310913086,
  "per_organ_theta_baseline": {
    "anima": 0.3235137443123286,
    "eidolon": 0.3191239643414715,
    "mneme": 0.1701667621453359,
    "nous": 0.2955934598864759,
    "pneuma": 0.25569235771043397
  },
  "per_organ_theta_peak": {
    "anima": 0.2391572044747816,
    "eidolon": 0.2471120869771212,
    "mneme": 0.18324146701833982,
    "nous": 0.25077273911179787,
    "pneuma": 0.2558164628908814
  },
  "per_organ_theta_recovery": {
    "anima": 0.23127030601927775,
    "eidolon": 0.2882743861110899,
    "mneme": 0.23281666411477547,
    "nous": 0.30715119477456965,
    "pneuma": 0.2507968379915354
  },
  "cascade_time_to_peak": {
    "anima": 246,
    "eidolon": 246,
    "mneme": 239,
    "nous": 246,
    "pneuma": 240
  },
  "cascade_delay": 0,
  "recovery_asymmetry": 0,
  "adaptation_delta": -0.03084957823038159,
  "elapsed_s": 0.15031304000876844
}