{
  "trial_id": "control1__nonsense__m0.7__s46",
  "mode": "control1",
  "perturbation_type": "nonsense",
  "magnitude": 0.7,
  "seed": 46,
  "n_beats": 600,
  "theta_baseline": 1.1530680836725404,
  "theta_peak": 0.94614648177292,
  "theta_final": 0.9297185822865762,
  "dr_ratio": 0.8205469348864711,
  "recovery_profile": -0.07939190174215426,
  "aos_g_mean": 3.857117176055908,
  "aos_g_peak": 6.8292436599731445,
  "per_organ_theta_baseline": {
    "anima": 0.21705866571902058,
    "eidolon": 0.4128275116003383,
    "mneme": 0.20841460012774513,
    "nous": 0.2803182110497145,
    "pneuma": 0.35859787362274437
  },
  "per_organ_theta_peak": {
    "anima": 0.18219602740022317,
    "eidolon": 0.41913515493159154,
    "mneme": 0.2048570155042241,
    "nous": 0.23693851662813176,
    "pneuma": 0.35942358097241234
  },
  "per_organ_theta_recovery": {
    "anima": 0.18346492607360804,
    "eidolon": 0.3971902083046638,
    "mneme": 0.18346007123218336,
    "nous": 0.22213959259594634,
    "pneuma": 0.3583095234522745
  },
  "cascade_time_to_peak": {
    "anima": 236,
    "eidolon": 208,
    "mneme": 234,
    "nous": 203,
    "pneuma": 200
  },
  "cascade_delay": 28,
  "recovery_asymmetry": 5,
  "adaptation_delta": -0.01563730329567453,
  "elapsed_s": 0.13234151084907353
}