{
  "trial_id": "control4__surprising_falsehood__m0.7__s44",
  "mode": "control4",
  "perturbation_type": "surprising_falsehood",
  "magnitude": 0.7,
  "seed": 44,
  "n_beats": 600,
  "theta_baseline": 1.372172179376025,
  "theta_peak": 1.3365546143585594,
  "theta_final": 1.19717336927976,
  "dr_ratio": 0.9740429331298188,
  "recovery_profile": -3.913272707172749,
  "aos_g_mean": 0.0,
  "aos_g_peak": 0.0,
  "per_organ_theta_baseline": {
    "anima": 0.29773152770066547,
    "eidolon": 0.24616301247336775,
    "mneme": 0.22247447132346107,
    "nous": 0.26727857213645245,
    "pneuma": 0.26865762440776797
  },
  "per_organ_theta_peak": {
    "anima": 0.29338181420290443,
    "eidolon": 0.22209817818193328,
    "mneme": 0.25065986176406285,
    "nous": 0.24648781173531278,
    "pneuma": 0.28489610460250153
  },
  "per_organ_theta_recovery": {
    "anima": 0.31052242183658146,
    "eidolon": 0.24166624267570552,
    "mneme": 0.17577387632638264,
    "nous": 0.2076664334768483,
    "pneuma": 0.22044047777611814
  },
  "cascade_time_to_peak": {
    "anima": 200,
    "eidolon": 200,
    "mneme": 200,
    "nous": 200,
    "pneuma": 200
  },
  "cascade_delay": 0,
  "recovery_asymmetry": 0,
  "adaptation_delta": -0.004496769797662226,
  "elapsed_s": 0.06720412499271333
}