{
  "trial_id": "baseline__random_perturbation__m1.0__s43",
  "mode": "baseline",
  "perturbation_type": "random_perturbation",
  "magnitude": 1.0,
  "seed": 43,
  "n_beats": 600,
  "theta_baseline": 1.2023500673756968,
  "theta_peak": 1.6265802667076261,
  "theta_final": 1.2682402962138033,
  "dr_ratio": 1.3528341793649774,
  "recovery_profile": 0.8446828421412024,
  "aos_g_mean": 3.234414577484131,
  "aos_g_peak": 3.472499370574951,
  "per_organ_theta_baseline": {
    "anima": 0.2570344613982566,
    "eidolon": 0.3174872121003005,
    "mneme": 0.21995294835105536,
    "nous": 0.2020660560690881,
    "pneuma": 0.30882822191838355
  },
  "per_organ_theta_peak": {
    "anima": 0.24565600838583654,
    "eidolon": 0.26835070499312735,
    "mneme": 0.4714163052023878,
    "nous": 0.5139745261008049,
    "pneuma": 0.2621515650957274
  },
  "per_organ_theta_recovery": {
    "anima": 0.18875111351128127,
    "eidolon": 0.32244498142158085,
    "mneme": 0.2476988685489051,
    "nous": 0.22094961154652465,
    "pneuma": 0.30764970901038013
  },
  "cascade_time_to_peak": {
    "anima": 248,
    "eidolon": 249,
    "mneme": 247,
    "nous": 246,
    "pneuma": 248
  },
  "cascade_delay": -1,
  "recovery_asymmetry": 3,
  "adaptation_delta": 0.004957769321280336,
  "elapsed_s": 0.15105055109597743
}