{
  "trial_id": "control1__nonsense__m1.0__s46",
  "mode": "control1",
  "perturbation_type": "nonsense",
  "magnitude": 1.0,
  "seed": 46,
  "n_beats": 600,
  "theta_baseline": 1.1530680836725404,
  "theta_peak": 0.9450552318470298,
  "theta_final": 0.9297185822865762,
  "dr_ratio": 0.8196005467751858,
  "recovery_profile": -0.07372933655713992,
  "aos_g_mean": 3.8586952686309814,
  "aos_g_peak": 6.83292293548584,
  "per_organ_theta_baseline": {
    "anima": 0.21705866571902058,
    "eidolon": 0.4128275116003383,
    "mneme": 0.20841460012774513,
    "nous": 0.2803182110497145,
    "pneuma": 0.35859787362274437
  },
  "per_organ_theta_peak": {
    "anima": 0.1820772025650068,
    "eidolon": 0.41959037769718227,
    "mneme": 0.20696302916299988,
    "nous": 0.23805663891976525,
    "pneuma": 0.35942358284831605
  },
  "per_organ_theta_recovery": {
    "anima": 0.18346492607360804,
    "eidolon": 0.3971902083046638,
    "mneme": 0.18346007123218336,
    "nous": 0.22213959259594634,
    "pneuma": 0.3583095234522745
  },
  "cascade_time_to_peak": {
    "anima": 236,
    "eidolon": 208,
    "mneme": 234,
    "nous": 203,
    "pneuma": 200
  },
  "cascade_delay": 28,
  "recovery_asymmetry": 5,
  "adaptation_delta": -0.01563730329567453,
  "elapsed_s": 0.1320442478172481
}