{
  "trial_id": "nonsense_s42",
  "condition": "nonsense",
  "seed": 42,
  "n_beats": 600,
  "baseline_mean_delta": 3.622587203979492,
  "baseline_std_delta": 1.9813814163208008,
  "pre_pert_mean_delta": 4.362148761749268,
  "post_pert_mean_delta": 3.5236618518829346,
  "post_pre_ratio": 0.8077812194824219,
  "peak_delta": 9.230229377746582,
  "peak_beat": 246,
  "recovery_half_life_beats": 10.0,
  "theta_gap_correlation": -0.025719436694254923,
  "cascade_per_organ": {
    "anima": {
      "peak_beat": 246,
      "peak_z": -0.24345843493938446
    },
    "eidolon": {
      "peak_beat": 212,
      "peak_z": 1.7298429012298584
    },
    "mneme": {
      "peak_beat": 239,
      "peak_z": 2.755234479904175
    },
    "nous": {
      "peak_beat": 246,
      "peak_z": 4.608425617218018
    },
    "pneuma": {
      "peak_beat": 240,
      "peak_z": 0.7311126589775085
    }
  },
  "cascade_order": [
    "eidolon",
    "mneme",
    "pneuma",
    "anima",
    "nous"
  ],
  "cascade_delays": [
    0,
    27,
    28,
    34,
    34
  ],
  "n_events": 70,
  "elapsed_s": 0.15372718218714
}