{
  "trial_id": "surprising_truth_s42",
  "condition": "surprising_truth",
  "seed": 42,
  "n_beats": 600,
  "baseline_mean_delta": 3.622587203979492,
  "baseline_std_delta": 1.9813814163208008,
  "pre_pert_mean_delta": 4.362148761749268,
  "post_pert_mean_delta": 3.6150808334350586,
  "post_pre_ratio": 0.8287385702133179,
  "peak_delta": 9.227461814880371,
  "peak_beat": 246,
  "recovery_half_life_beats": 10.0,
  "theta_gap_correlation": 0.07879257446171359,
  "cascade_per_organ": {
    "anima": {
      "peak_beat": 246,
      "peak_z": -0.24346017837524414
    },
    "eidolon": {
      "peak_beat": 246,
      "peak_z": 1.3467847108840942
    },
    "mneme": {
      "peak_beat": 239,
      "peak_z": 2.7552003860473633
    },
    "nous": {
      "peak_beat": 246,
      "peak_z": 4.608423233032227
    },
    "pneuma": {
      "peak_beat": 240,
      "peak_z": 0.7393631339073181
    }
  },
  "cascade_order": [
    "mneme",
    "pneuma",
    "anima",
    "eidolon",
    "nous"
  ],
  "cascade_delays": [
    0,
    1,
    7,
    7,
    7
  ],
  "n_events": 70,
  "elapsed_s": 0.15266930614598095
}