{
  "trial_id": "control2__nonsense__m0.4__s46",
  "mode": "control2",
  "perturbation_type": "nonsense",
  "magnitude": 0.4,
  "seed": 46,
  "n_beats": 600,
  "theta_baseline": 1.3254248225106837,
  "theta_peak": 1.0944188292953527,
  "theta_final": 1.1663099716030987,
  "dr_ratio": 0.8257117346137005,
  "recovery_profile": 0.31120899205733166,
  "aos_g_mean": 4.427039623260498,
  "aos_g_peak": 10.194790840148926,
  "per_organ_theta_baseline": {
    "anima": 0.27206143970734464,
    "eidolon": 0.2631799507062318,
    "mneme": 0.19224918823544057,
    "nous": 0.24545181151589215,
    "pneuma": 0.29490492829266546
  },
  "per_organ_theta_peak": {
    "anima": 0.29203203159831687,
    "eidolon": 0.18182798019078408,
    "mneme": 0.20708044673719925,
    "nous": 0.3215452289496461,
    "pneuma": 0.28490791763834694
  },
  "per_organ_theta_recovery": {
    "anima": 0.21100291359376808,
    "eidolon": 0.26373222103130733,
    "mneme": 0.2101129987804335,
    "nous": 0.25151122869940284,
    "pneuma": 0.2175687680413895
  },
  "cascade_time_to_peak": {
    "anima": 217,
    "eidolon": 219,
    "mneme": 217,
    "nous": 248,
    "pneuma": 217
  },
  "cascade_delay": -2,
  "recovery_asymmetry": -29,
  "adaptation_delta": 0.0005522703250755434,
  "elapsed_s": 0.15600671991705894
}