{
  "trial_id": "control2__direct_contradiction__m0.7__s46",
  "mode": "control2",
  "perturbation_type": "direct_contradiction",
  "magnitude": 0.7,
  "seed": 46,
  "n_beats": 600,
  "theta_baseline": 1.3254248225106837,
  "theta_peak": 1.161504261095049,
  "theta_final": 1.1663099716030987,
  "dr_ratio": 0.8763260211883398,
  "recovery_profile": 0.029317313621592494,
  "aos_g_mean": 4.432858943939209,
  "aos_g_peak": 10.182398796081543,
  "per_organ_theta_baseline": {
    "anima": 0.27206143970734464,
    "eidolon": 0.2631799507062318,
    "mneme": 0.19224918823544057,
    "nous": 0.24545181151589215,
    "pneuma": 0.29490492829266546
  },
  "per_organ_theta_peak": {
    "anima": 0.27943453236404164,
    "eidolon": 0.20907454271592973,
    "mneme": 0.2059841360899611,
    "nous": 0.32131870571833343,
    "pneuma": 0.27416438306740365
  },
  "per_organ_theta_recovery": {
    "anima": 0.21100291359376808,
    "eidolon": 0.26373222103130733,
    "mneme": 0.2101129987804335,
    "nous": 0.25151122869940284,
    "pneuma": 0.2175687680413895
  },
  "cascade_time_to_peak": {
    "anima": 217,
    "eidolon": 202,
    "mneme": 217,
    "nous": 248,
    "pneuma": 217
  },
  "cascade_delay": 15,
  "recovery_asymmetry": -46,
  "adaptation_delta": 0.0005522703250755434,
  "elapsed_s": 0.15508858812972903
}