{
  "trial_id": "surprising_truth_s43",
  "condition": "surprising_truth",
  "seed": 43,
  "n_beats": 600,
  "baseline_mean_delta": 1.3518702983856201,
  "baseline_std_delta": 0.9221867918968201,
  "pre_pert_mean_delta": 0.8641199469566345,
  "post_pert_mean_delta": 0.05239386484026909,
  "post_pre_ratio": 0.06063263118267059,
  "peak_delta": 3.4358623027801514,
  "peak_beat": 248,
  "recovery_half_life_beats": 104.0,
  "theta_gap_correlation": 0.0315120609830235,
  "cascade_per_organ": {
    "anima": {
      "peak_beat": 251,
      "peak_z": 1.5123376846313477
    },
    "eidolon": {
      "peak_beat": 253,
      "peak_z": 0.7460158467292786
    },
    "mneme": {
      "peak_beat": 258,
      "peak_z": 9.116584777832031
    },
    "nous": {
      "peak_beat": 246,
      "peak_z": 0.0559166744351387
    },
    "pneuma": {
      "peak_beat": 252,
      "peak_z": 1.3006913661956787
    }
  },
  "cascade_order": [
    "nous",
    "anima",
    "pneuma",
    "eidolon",
    "mneme"
  ],
  "cascade_delays": [
    0,
    5,
    6,
    7,
    12
  ],
  "n_events": 85,
  "elapsed_s": 0.15450294292531908
}