{
  "trial_id": "control1__direct_contradiction__m1.0__s43",
  "mode": "control1",
  "perturbation_type": "direct_contradiction",
  "magnitude": 1.0,
  "seed": 43,
  "n_beats": 600,
  "theta_baseline": 0.8217804780524139,
  "theta_peak": 1.0826746228153306,
  "theta_final": 1.1857110428171638,
  "dr_ratio": 1.3174742546588902,
  "recovery_profile": -0.39493573186729014,
  "aos_g_mean": 4.075932502746582,
  "aos_g_peak": 5.538350582122803,
  "per_organ_theta_baseline": {
    "anima": 0.18580546340689458,
    "eidolon": 0.4237892383178245,
    "mneme": 0.18613428355172465,
    "nous": 0.19204630886488444,
    "pneuma": 0.35859713129715237
  },
  "per_organ_theta_peak": {
    "anima": 0.1975828287302334,
    "eidolon": 0.3960973248344278,
    "mneme": 0.2472831578346021,
    "nous": 0.27351156642608904,
    "pneuma": 0.35942456074304147
  },
  "per_organ_theta_recovery": {
    "anima": 0.21907008966287128,
    "eidolon": 0.41127833208787035,
    "mneme": 0.23668494248137045,
    "nous": 0.20948481458590956,
    "pneuma": 0.3583107714046067
  },
  "cascade_time_to_peak": {
    "anima": 231,
    "eidolon": 200,
    "mneme": 239,
    "nous": 228,
    "pneuma": 200
  },
  "cascade_delay": 31,
  "recovery_asymmetry": -28,
  "adaptation_delta": -0.012510906229954155,
  "elapsed_s": 0.13622928177937865
}