{
  "trial_id": "control1__surprising_falsehood__m0.7__s44",
  "mode": "control1",
  "perturbation_type": "surprising_falsehood",
  "magnitude": 0.7,
  "seed": 44,
  "n_beats": 600,
  "theta_baseline": 1.1703846783869711,
  "theta_peak": 1.8052480721020148,
  "theta_final": 0.9994114782990438,
  "dr_ratio": 1.5424399391403645,
  "recovery_profile": 1.2693070694900832,
  "aos_g_mean": 4.185729503631592,
  "aos_g_peak": 5.45536470413208,
  "per_organ_theta_baseline": {
    "anima": 0.24703307058429955,
    "eidolon": 0.43876571028402767,
    "mneme": 0.21641965695636628,
    "nous": 0.20699440109561798,
    "pneuma": 0.35859706959534754
  },
  "per_organ_theta_peak": {
    "anima": 0.2895015951975455,
    "eidolon": 0.44912847739901174,
    "mneme": 0.2072587975058614,
    "nous": 0.5402500781196716,
    "pneuma": 0.372936645089055
  },
  "per_organ_theta_recovery": {
    "anima": 0.24853682619249265,
    "eidolon": 0.4231660515315156,
    "mneme": 0.25453997672614903,
    "nous": 0.20250255821751476,
    "pneuma": 0.35830968992115275
  },
  "cascade_time_to_peak": {
    "anima": 249,
    "eidolon": 209,
    "mneme": 234,
    "nous": 235,
    "pneuma": 200
  },
  "cascade_delay": 40,
  "recovery_asymmetry": -26,
  "adaptation_delta": -0.015599658752512069,
  "elapsed_s": 0.13408010499551892
}