{
  "trial_id": "baseline__surprising_falsehood__m0.7__s46",
  "mode": "baseline",
  "perturbation_type": "surprising_falsehood",
  "magnitude": 0.7,
  "seed": 46,
  "n_beats": 600,
  "theta_baseline": 1.241144554400876,
  "theta_peak": 1.0570475053121644,
  "theta_final": 1.191422292556845,
  "dr_ratio": 0.8516715491068817,
  "recovery_profile": 0.7299127710620114,
  "aos_g_mean": 4.364243030548096,
  "aos_g_peak": 9.275993347167969,
  "per_organ_theta_baseline": {
    "anima": 0.24570810030961573,
    "eidolon": 0.26295512785041747,
    "mneme": 0.1875191904082334,
    "nous": 0.25793647640127093,
    "pneuma": 0.24905811465105804
  },
  "per_organ_theta_peak": {
    "anima": 0.251751200311202,
    "eidolon": 0.20545747921882934,
    "mneme": 0.18509093604016338,
    "nous": 0.31508773565319675,
    "pneuma": 0.24578211809013994
  },
  "per_organ_theta_recovery": {
    "anima": 0.21589241010713722,
    "eidolon": 0.2896972287639083,
    "mneme": 0.2350913572545427,
    "nous": 0.27397163826104415,
    "pneuma": 0.2131042092248621
  },
  "cascade_time_to_peak": {
    "anima": 228,
    "eidolon": 229,
    "mneme": 230,
    "nous": 237,
    "pneuma": 222
  },
  "cascade_delay": -1,
  "recovery_asymmetry": -8,
  "adaptation_delta": 0.02674210091349083,
  "elapsed_s": 0.1512804920785129
}