{
  "trial_id": "control3__random_perturbation__m0.7__s46",
  "mode": "control3",
  "perturbation_type": "random_perturbation",
  "magnitude": 0.7,
  "seed": 46,
  "n_beats": 600,
  "theta_baseline": 4.54904235385508,
  "theta_peak": 5.052989692902111,
  "theta_final": 4.368812880007028,
  "dr_ratio": 1.1107809731909752,
  "recovery_profile": 1.3576355303093133,
  "aos_g_mean": 3.203329086303711,
  "aos_g_peak": 2.0005218982696533,
  "per_organ_theta_baseline": {
    "anima": 1.0490259392911965,
    "eidolon": 1.0346548566084757,
    "mneme": 0.5147820867613013,
    "nous": 0.7292357097781729,
    "pneuma": 0.3236386478879198
  },
  "per_organ_theta_peak": {
    "anima": 1.3952353970834597,
    "eidolon": 1.060767478905808,
    "mneme": 0.503873354288987,
    "nous": 1.048729242844653,
    "pneuma": 0.5171522746950743
  },
  "per_organ_theta_recovery": {
    "anima": 1.016575450156841,
    "eidolon": 1.008924385203408,
    "mneme": 0.49692006875265565,
    "nous": 0.7157690505817331,
    "pneuma": 0.32604391805363236
  },
  "cascade_time_to_peak": {
    "anima": 200,
    "eidolon": 200,
    "mneme": 200,
    "nous": 200,
    "pneuma": 200
  },
  "cascade_delay": 0,
  "recovery_asymmetry": 0,
  "adaptation_delta": -0.02573047140506768,
  "elapsed_s": 0.21247424301691353
}