{
  "trial_id": "surprising_falsehood_s43",
  "condition": "surprising_falsehood",
  "seed": 43,
  "n_beats": 600,
  "baseline_mean_delta": 1.3518702983856201,
  "baseline_std_delta": 0.9221867918968201,
  "pre_pert_mean_delta": 0.8641199469566345,
  "post_pert_mean_delta": 0.34702423214912415,
  "post_pre_ratio": 0.4015926718711853,
  "peak_delta": 3.4209961891174316,
  "peak_beat": 249,
  "recovery_half_life_beats": 103.0,
  "theta_gap_correlation": 0.058676769922819894,
  "cascade_per_organ": {
    "anima": {
      "peak_beat": 251,
      "peak_z": 1.5123388767242432
    },
    "eidolon": {
      "peak_beat": 253,
      "peak_z": 0.6091680526733398
    },
    "mneme": {
      "peak_beat": 258,
      "peak_z": 9.116595268249512
    },
    "nous": {
      "peak_beat": 246,
      "peak_z": 0.055971045047044754
    },
    "pneuma": {
      "peak_beat": 252,
      "peak_z": 1.2995936870574951
    }
  },
  "cascade_order": [
    "nous",
    "anima",
    "pneuma",
    "eidolon",
    "mneme"
  ],
  "cascade_delays": [
    0,
    5,
    6,
    7,
    12
  ],
  "n_events": 85,
  "elapsed_s": 0.15667206607759
}