{
  "trial_id": "control1__surprising_falsehood__m0.4__s45",
  "mode": "control1",
  "perturbation_type": "surprising_falsehood",
  "magnitude": 0.4,
  "seed": 45,
  "n_beats": 600,
  "theta_baseline": 2.636713312432193,
  "theta_peak": 1.0644406377858489,
  "theta_final": 0.9393484652276441,
  "dr_ratio": 0.4036998003411956,
  "recovery_profile": -0.07956137289375843,
  "aos_g_mean": 3.5118632316589355,
  "aos_g_peak": 3.706855058670044,
  "per_organ_theta_baseline": {
    "anima": 0.23896652452982478,
    "eidolon": 0.4096196839564493,
    "mneme": 0.4681643005931609,
    "nous": 0.49857141190116316,
    "pneuma": 0.37870786645443066
  },
  "per_organ_theta_peak": {
    "anima": 0.2623282721537113,
    "eidolon": 0.4175077828345394,
    "mneme": 0.17070131454001491,
    "nous": 0.20995201179818754,
    "pneuma": 0.3594245732329196
  },
  "per_organ_theta_recovery": {
    "anima": 0.2463837789637401,
    "eidolon": 0.4346879168023691,
    "mneme": 0.19116048425622442,
    "nous": 0.16263186618196115,
    "pneuma": 0.35830947500647536
  },
  "cascade_time_to_peak": {
    "anima": 223,
    "eidolon": 212,
    "mneme": 204,
    "nous": 223,
    "pneuma": 200
  },
  "cascade_delay": 11,
  "recovery_asymmetry": -11,
  "adaptation_delta": 0.025068232845919802,
  "elapsed_s": 0.1331200620625168
}