{
  "theta_true_phys": [
    1.186,
    0.85,
    0.02,
    400.0,
    40.0
  ],
  "x_true_analysis": [
    0.17058630057553367,
    0.85,
    0.02,
    4.0,
    3.6888794541139363
  ],
  "v5": [
    -6.608334316999619e-07,
    -0.10105843470755302,
    0.005184314291211499,
    0.9948669839023957,
    -5.509271712494048e-07
  ],
  "v1": [
    0.9983097034190388,
    -0.0029613311575232767,
    -0.05804279948276992,
    2.3162290626023757e-06,
    -6.554161494163376e-08
  ],
  "eigenvalue_5": 0.04143965696984513,
  "eigenvalue_1": 1245615773.4623675,
  "results": [
    {
      "target_magnitude": 0.001,
      "alpha": 0.004912379656103096,
      "rho2_fisher": 1.0000000000581513e-06,
      "mismatch_exact": 1.0161263163697977e-06,
      "ratio": 0.9841296145451098,
      "deviation": 0.015870385454890168,
      "dx_analysis": [
        -3.2462647059556878e-09,
        -0.0004964373987350065,
        2.546732005499191e-05,
        0.004887164332250775,
        -2.7063634280400025e-09
      ]
    },
    {
      "target_magnitude": 0.01,
      "alpha": 0.049123796561030955,
      "rho2_fisher": 0.00010000000000582556,
      "mismatch_exact": 0.0002620101735872459,
      "ratio": 0.3816645691146298,
      "deviation": 0.6183354308853701,
      "dx_analysis": [
        -3.246264705955687e-08,
        -0.004964373987350064,
        0.0002546732005499191,
        0.04887164332250774,
        -2.7063634280400022e-08
      ]
    },
    {
      "target_magnitude": 0.1,
      "alpha": 0.4912379656103096,
      "rho2_fisher": 0.010000000000583173,
      "mismatch_exact": 1.4869614956770394,
      "ratio": 0.006725123703374712,
      "deviation": 0.9932748762966253,
      "dx_analysis": [
        -3.2462647059556874e-07,
        -0.049643739873500646,
        0.002546732005499191,
        0.48871643322507746,
        -2.7063634280400024e-07
      ]
    },
    {
      "target_magnitude": 0.001,
      "direction": "v1 (ln Mc)",
      "alpha": 2.8334003970521313e-08,
      "rho2_fisher": 9.999999999999997e-07,
      "mismatch_exact": 1.000000019809558e-06,
      "ratio": 0.9999999801904421,
      "deviation": 1.9809557882943807e-08
    }
  ],
  "critical_magnitude_10pct": 0.0013963963963963964
}