{
  "theta_phys": [
    1.186,
    0.85,
    0.02,
    400.0,
    40.0
  ],
  "f_range": [
    22.0,
    500.0
  ],
  "n_dense": 200,
  "kappa_500": 30058544508.917603,
  "eigenvalues_500": [
    1245615773.4623675,
    2047363.2949919538,
    98.13345482906597,
    12.33588326858765,
    0.04143965696984513
  ],
  "v5_500": [
    -6.608334316999619e-07,
    -0.10105843470755302,
    0.005184314291211499,
    0.9948669839023957,
    -5.509271712494048e-07
  ],
  "v1_500": [
    0.9983097034190388,
    -0.0029613311575232767,
    -0.05804279948276992,
    2.3162290626023757e-06,
    -6.554161494163376e-08
  ],
  "snr_total": 35322.27692644031
}