{
  "theta_phys": [
    1.186,
    0.85,
    0.02,
    400.0,
    40.0
  ],
  "psd_name": "ZDHP",
  "f_range": [
    22.0,
    500.0
  ],
  "n_dense": 200,
  "kappa_22": 4.166428811149413e+27,
  "kappa_500": 1.7279965563454626e+16,
  "kappa_growth": 4.147428492528957e-12,
  "v_min_500": [
    0.00025999788718309455,
    0.00048096653326621687,
    0.9982636040377908,
    -0.058901875879207706,
    0.00021666491120654426
  ],
  "v_max_500": [
    0.8796731675816486,
    -0.4755787192850858,
    3.3735761506464536e-08,
    1.5948345320739787e-07,
    -1.7605742623163437e-09
  ],
  "evals_500": [
    37554323960965.9,
    176563.6985795654,
    75401.80231632244,
    11.703833206861509,
    0.002173286967677151
  ]
}