{
  "trial_id": "control1__nonsense__m0.7__s45",
  "mode": "control1",
  "perturbation_type": "nonsense",
  "magnitude": 0.7,
  "seed": 45,
  "n_beats": 600,
  "theta_baseline": 2.636713312432193,
  "theta_peak": 1.036950504180243,
  "theta_final": 0.9393484652276441,
  "dr_ratio": 0.3932738911321857,
  "recovery_profile": -0.06101031881047908,
  "aos_g_mean": 3.514559030532837,
  "aos_g_peak": 3.7411763668060303,
  "per_organ_theta_baseline": {
    "anima": 0.23896652452982478,
    "eidolon": 0.4096196839564493,
    "mneme": 0.4681643005931609,
    "nous": 0.49857141190116316,
    "pneuma": 0.37870786645443066
  },
  "per_organ_theta_peak": {
    "anima": 0.25184849197552445,
    "eidolon": 0.39913416382372147,
    "mneme": 0.16862773866137998,
    "nous": 0.2048523256548059,
    "pneuma": 0.35942450041781937
  },
  "per_organ_theta_recovery": {
    "anima": 0.2463837789637401,
    "eidolon": 0.4346879168023691,
    "mneme": 0.19116048425622442,
    "nous": 0.16263186618196115,
    "pneuma": 0.35830947500647536
  },
  "cascade_time_to_peak": {
    "anima": 223,
    "eidolon": 209,
    "mneme": 204,
    "nous": 223,
    "pneuma": 200
  },
  "cascade_delay": 14,
  "recovery_asymmetry": -14,
  "adaptation_delta": 0.025068232845919802,
  "elapsed_s": 0.13391637103632092
}