{
  "trial_id": "control2__direct_contradiction__m0.4__s43",
  "mode": "control2",
  "perturbation_type": "direct_contradiction",
  "magnitude": 0.4,
  "seed": 43,
  "n_beats": 600,
  "theta_baseline": 1.096400551688314,
  "theta_peak": 1.5541549354878876,
  "theta_final": 1.2856794862108305,
  "dr_ratio": 1.4175065245039247,
  "recovery_profile": 0.5865054683880608,
  "aos_g_mean": 3.2739458084106445,
  "aos_g_peak": 5.206960201263428,
  "per_organ_theta_baseline": {
    "anima": 0.2272632259667838,
    "eidolon": 0.28666634316020995,
    "mneme": 0.21868089414911554,
    "nous": 0.18528023086388742,
    "pneuma": 0.27382867964364604
  },
  "per_organ_theta_peak": {
    "anima": 0.24976282411778922,
    "eidolon": 0.1809857790343335,
    "mneme": 0.4880000631232717,
    "nous": 0.5154919796147504,
    "pneuma": 0.2868367550709364
  },
  "per_organ_theta_recovery": {
    "anima": 0.20371930238200409,
    "eidolon": 0.31806935221046495,
    "mneme": 0.23590787231715327,
    "nous": 0.212957351353291,
    "pneuma": 0.3186541866858609
  },
  "cascade_time_to_peak": {
    "anima": 248,
    "eidolon": 207,
    "mneme": 248,
    "nous": 214,
    "pneuma": 248
  },
  "cascade_delay": 41,
  "recovery_asymmetry": -7,
  "adaptation_delta": 0.031403009050255004,
  "elapsed_s": 0.15524439979344606
}