{
  "trial_id": "control2__surprising_falsehood__m0.7__s42",
  "mode": "control2",
  "perturbation_type": "surprising_falsehood",
  "magnitude": 0.7,
  "seed": 42,
  "n_beats": 600,
  "theta_baseline": 1.3021218579522615,
  "theta_peak": 1.2838974158124037,
  "theta_final": 1.375046207928603,
  "dr_ratio": 0.9860040425336858,
  "recovery_profile": 5.001458558605308,
  "aos_g_mean": 4.295490264892578,
  "aos_g_peak": 9.132902145385742,
  "per_organ_theta_baseline": {
    "anima": 0.3039845703206475,
    "eidolon": 0.3242194189558454,
    "mneme": 0.17777225750114772,
    "nous": 0.306032845230906,
    "pneuma": 0.2531766292084568
  },
  "per_organ_theta_peak": {
    "anima": 0.27957362613478093,
    "eidolon": 0.27105525817310494,
    "mneme": 0.23562321252937557,
    "nous": 0.2794325126507991,
    "pneuma": 0.25830205206918394
  },
  "per_organ_theta_recovery": {
    "anima": 0.2246451980121937,
    "eidolon": 0.28272503399514615,
    "mneme": 0.22417992267300627,
    "nous": 0.3026767481263651,
    "pneuma": 0.24799459056890844
  },
  "cascade_time_to_peak": {
    "anima": 246,
    "eidolon": 247,
    "mneme": 236,
    "nous": 246,
    "pneuma": 240
  },
  "cascade_delay": -1,
  "recovery_asymmetry": 1,
  "adaptation_delta": -0.04149438496069924,
  "elapsed_s": 0.15510975988581777
}