{
  "trial_id": "control2__surprising_falsehood__m0.4__s42",
  "mode": "control2",
  "perturbation_type": "surprising_falsehood",
  "magnitude": 0.4,
  "seed": 42,
  "n_beats": 600,
  "theta_baseline": 1.3021218579522615,
  "theta_peak": 1.3405252544624922,
  "theta_final": 1.375046207928603,
  "dr_ratio": 1.029492935915095,
  "recovery_profile": -0.8989036544440673,
  "aos_g_mean": 4.291403770446777,
  "aos_g_peak": 9.131195068359375,
  "per_organ_theta_baseline": {
    "anima": 0.3039845703206475,
    "eidolon": 0.3242194189558454,
    "mneme": 0.17777225750114772,
    "nous": 0.306032845230906,
    "pneuma": 0.2531766292084568
  },
  "per_organ_theta_peak": {
    "anima": 0.27383324225494876,
    "eidolon": 0.2820451186002962,
    "mneme": 0.22839907909605198,
    "nous": 0.276091133218435,
    "pneuma": 0.26000924446209955
  },
  "per_organ_theta_recovery": {
    "anima": 0.2246451980121937,
    "eidolon": 0.28272503399514615,
    "mneme": 0.22417992267300627,
    "nous": 0.3026767481263651,
    "pneuma": 0.24799459056890844
  },
  "cascade_time_to_peak": {
    "anima": 246,
    "eidolon": 247,
    "mneme": 236,
    "nous": 246,
    "pneuma": 240
  },
  "cascade_delay": -1,
  "recovery_asymmetry": 1,
  "adaptation_delta": -0.04149438496069924,
  "elapsed_s": 0.15440572914667428
}