{
  "trial_id": "control1__nonsense__m0.7__s42",
  "mode": "control1",
  "perturbation_type": "nonsense",
  "magnitude": 0.7,
  "seed": 42,
  "n_beats": 600,
  "theta_baseline": 1.162645913045778,
  "theta_peak": 1.0443447466732714,
  "theta_final": 0.9964834910190091,
  "dr_ratio": 0.8982483273324433,
  "recovery_profile": -0.4045712914068552,
  "aos_g_mean": 4.3862528800964355,
  "aos_g_peak": 8.11107063293457,
  "per_organ_theta_baseline": {
    "anima": 0.2702489361085829,
    "eidolon": 0.40941330910331447,
    "mneme": 0.1552801403988657,
    "nous": 0.2218491969853905,
    "pneuma": 0.35859923385895864
  },
  "per_organ_theta_peak": {
    "anima": 0.21471059510698412,
    "eidolon": 0.46585441542873346,
    "mneme": 0.16879509378000235,
    "nous": 0.18600926294478165,
    "pneuma": 0.35942405742556927
  },
  "per_organ_theta_recovery": {
    "anima": 0.20518012925548446,
    "eidolon": 0.4377695434361039,
    "mneme": 0.1776974436752764,
    "nous": 0.2398401578624749,
    "pneuma": 0.35830941028674224
  },
  "cascade_time_to_peak": {
    "anima": 212,
    "eidolon": 207,
    "mneme": 223,
    "nous": 202,
    "pneuma": 200
  },
  "cascade_delay": 5,
  "recovery_asymmetry": 5,
  "adaptation_delta": 0.028356234332789443,
  "elapsed_s": 0.13312435895204544
}