{
  "trial_id": "control1__surprising_falsehood__m0.7__s43",
  "mode": "control1",
  "perturbation_type": "surprising_falsehood",
  "magnitude": 0.7,
  "seed": 43,
  "n_beats": 600,
  "theta_baseline": 0.8217804780524139,
  "theta_peak": 1.0878227916214285,
  "theta_final": 1.1857110428171638,
  "dr_ratio": 1.3237389067692675,
  "recovery_profile": -0.36794241443228887,
  "aos_g_mean": 4.073940753936768,
  "aos_g_peak": 5.523049354553223,
  "per_organ_theta_baseline": {
    "anima": 0.18580546340689458,
    "eidolon": 0.4237892383178245,
    "mneme": 0.18613428355172465,
    "nous": 0.19204630886488444,
    "pneuma": 0.35859713129715237
  },
  "per_organ_theta_peak": {
    "anima": 0.1978653621986498,
    "eidolon": 0.39933402050113903,
    "mneme": 0.2478223919443702,
    "nous": 0.27353984109065566,
    "pneuma": 0.3594245778863306
  },
  "per_organ_theta_recovery": {
    "anima": 0.21907008966287128,
    "eidolon": 0.41127833208787035,
    "mneme": 0.23668494248137045,
    "nous": 0.20948481458590956,
    "pneuma": 0.3583107714046067
  },
  "cascade_time_to_peak": {
    "anima": 231,
    "eidolon": 204,
    "mneme": 239,
    "nous": 228,
    "pneuma": 200
  },
  "cascade_delay": 27,
  "recovery_asymmetry": -24,
  "adaptation_delta": -0.012510906229954155,
  "elapsed_s": 0.1309912959113717
}