{
  "trial_id": "control1__direct_contradiction__m0.7__s42",
  "mode": "control1",
  "perturbation_type": "direct_contradiction",
  "magnitude": 0.7,
  "seed": 42,
  "n_beats": 600,
  "theta_baseline": 1.162645913045778,
  "theta_peak": 0.970295356242577,
  "theta_final": 0.9964834910190091,
  "dr_ratio": 0.8345579211650939,
  "recovery_profile": 0.1361479540879411,
  "aos_g_mean": 4.389462947845459,
  "aos_g_peak": 8.160018920898438,
  "per_organ_theta_baseline": {
    "anima": 0.2702489361085829,
    "eidolon": 0.40941330910331447,
    "mneme": 0.1552801403988657,
    "nous": 0.2218491969853905,
    "pneuma": 0.35859923385895864
  },
  "per_organ_theta_peak": {
    "anima": 0.22087821452010398,
    "eidolon": 0.4262021695821186,
    "mneme": 0.1565269383912396,
    "nous": 0.18416722864791935,
    "pneuma": 0.3594241025059575
  },
  "per_organ_theta_recovery": {
    "anima": 0.20518012925548446,
    "eidolon": 0.4377695434361039,
    "mneme": 0.1776974436752764,
    "nous": 0.2398401578624749,
    "pneuma": 0.35830941028674224
  },
  "cascade_time_to_peak": {
    "anima": 212,
    "eidolon": 202,
    "mneme": 223,
    "nous": 202,
    "pneuma": 200
  },
  "cascade_delay": 10,
  "recovery_asymmetry": 0,
  "adaptation_delta": 0.028356234332789443,
  "elapsed_s": 0.1347893630154431
}