{
  "parameters": {
    "N_list": [
      10,
      20,
      30,
      50,
      75,
      100
    ],
    "N_quad": 8000
  },
  "results": {
    "10": {
      "N": 10,
      "d_N": 0.2190615504,
      "lambda_max": 1.0504068866,
      "cond_G": 223.0076,
      "elapsed_s": 0.0
    },
    "20": {
      "N": 20,
      "d_N": 0.2143375392,
      "lambda_max": 1.0481527458,
      "cond_G": 976.6149,
      "elapsed_s": 0.0
    },
    "30": {
      "N": 30,
      "d_N": 0.2129397669,
      "lambda_max": 1.047497018,
      "cond_G": 2660.8807,
      "elapsed_s": 0.01
    },
    "50": {
      "N": 50,
      "d_N": 0.2100075187,
      "lambda_max": 1.0461379889,
      "cond_G": 11270.3466,
      "elapsed_s": 0.01
    },
    "75": {
      "N": 75,
      "d_N": 0.2082222903,
      "lambda_max": 1.045321505,
      "cond_G": 50222.7073,
      "elapsed_s": 0.02
    },
    "100": {
      "N": 100,
      "d_N": 0.2051298691,
      "lambda_max": 1.0439266191,
      "cond_G": 5772869.9233,
      "elapsed_s": 0.03
    }
  }
}