{
  "trial_id": "control2__nonsense__m1.0__s45",
  "mode": "control2",
  "perturbation_type": "nonsense",
  "magnitude": 1.0,
  "seed": 45,
  "n_beats": 600,
  "theta_baseline": 1.3982275997030424,
  "theta_peak": 1.4883804365333222,
  "theta_final": 1.520634750872676,
  "dr_ratio": 1.0644765107264558,
  "recovery_profile": -0.3577737037834464,
  "aos_g_mean": 5.075199127197266,
  "aos_g_peak": 11.164276123046875,
  "per_organ_theta_baseline": {
    "anima": 0.3076482670098448,
    "eidolon": 0.3673589613499819,
    "mneme": 0.18984725651190232,
    "nous": 0.2627649542165772,
    "pneuma": 0.32236444460233615
  },
  "per_organ_theta_peak": {
    "anima": 0.27122622253361106,
    "eidolon": 0.20933242128628657,
    "mneme": 0.4216122893781473,
    "nous": 0.5210376598755441,
    "pneuma": 0.23879776111536136
  },
  "per_organ_theta_recovery": {
    "anima": 0.26249212538228567,
    "eidolon": 0.34653731808761556,
    "mneme": 0.22897937574959654,
    "nous": 0.2386789549721134,
    "pneuma": 0.3005626827221835
  },
  "cascade_time_to_peak": {
    "anima": 237,
    "eidolon": 247,
    "mneme": 237,
    "nous": 235,
    "pneuma": 248
  },
  "cascade_delay": -10,
  "recovery_asymmetry": 12,
  "adaptation_delta": -0.02082164326236635,
  "elapsed_s": 0.15487092500552535
}