{
  "trial_id": "control3__random_perturbation__m1.0__s43",
  "mode": "control3",
  "perturbation_type": "random_perturbation",
  "magnitude": 1.0,
  "seed": 43,
  "n_beats": 600,
  "theta_baseline": 3.642507195608401,
  "theta_peak": 4.6141619110710295,
  "theta_final": 4.205535122115625,
  "dr_ratio": 1.2667543708998315,
  "recovery_profile": 0.4205473224723115,
  "aos_g_mean": 3.114448308944702,
  "aos_g_peak": 5.199826240539551,
  "per_organ_theta_baseline": {
    "anima": 0.806772216608124,
    "eidolon": 0.9869324753579093,
    "mneme": 0.462300146158717,
    "nous": 0.7521260720008686,
    "pneuma": 0.3147298675748819
  },
  "per_organ_theta_peak": {
    "anima": 1.1448549718548817,
    "eidolon": 1.031958832912128,
    "mneme": 0.7818125061644067,
    "nous": 1.0533490550807498,
    "pneuma": 0.3683534937371978
  },
  "per_organ_theta_recovery": {
    "anima": 1.0690144146428027,
    "eidolon": 1.0083236726655722,
    "mneme": 0.507679761478412,
    "nous": 0.7883915343588811,
    "pneuma": 0.37803894981914987
  },
  "cascade_time_to_peak": {
    "anima": 210,
    "eidolon": 211,
    "mneme": 210,
    "nous": 211,
    "pneuma": 211
  },
  "cascade_delay": -1,
  "recovery_asymmetry": 0,
  "adaptation_delta": 0.021391197307662924,
  "elapsed_s": 0.21120792301371694
}