{
  "trial_id": "control1__nonsense__m0.4__s45",
  "mode": "control1",
  "perturbation_type": "nonsense",
  "magnitude": 0.4,
  "seed": 45,
  "n_beats": 600,
  "theta_baseline": 2.636713312432193,
  "theta_peak": 1.0359812554713308,
  "theta_final": 0.9393484652276441,
  "dr_ratio": 0.39290629382672887,
  "recovery_profile": -0.06036787345107147,
  "aos_g_mean": 3.5127670764923096,
  "aos_g_peak": 3.7263705730438232,
  "per_organ_theta_baseline": {
    "anima": 0.23896652452982478,
    "eidolon": 0.4096196839564493,
    "mneme": 0.4681643005931609,
    "nous": 0.49857141190116316,
    "pneuma": 0.37870786645443066
  },
  "per_organ_theta_peak": {
    "anima": 0.2506696911079441,
    "eidolon": 0.3979788794690711,
    "mneme": 0.1686547352429756,
    "nous": 0.20473704630183778,
    "pneuma": 0.3594244925688603
  },
  "per_organ_theta_recovery": {
    "anima": 0.2463837789637401,
    "eidolon": 0.4346879168023691,
    "mneme": 0.19116048425622442,
    "nous": 0.16263186618196115,
    "pneuma": 0.35830947500647536
  },
  "cascade_time_to_peak": {
    "anima": 223,
    "eidolon": 208,
    "mneme": 204,
    "nous": 223,
    "pneuma": 200
  },
  "cascade_delay": 15,
  "recovery_asymmetry": -15,
  "adaptation_delta": 0.025068232845919802,
  "elapsed_s": 0.13368752994574606
}