{
  "trial_id": "control1__nonsense__m1.0__s42",
  "mode": "control1",
  "perturbation_type": "nonsense",
  "magnitude": 1.0,
  "seed": 42,
  "n_beats": 600,
  "theta_baseline": 1.162645913045778,
  "theta_peak": 1.0409188233346385,
  "theta_final": 0.9964834910190091,
  "dr_ratio": 0.8953016663583742,
  "recovery_profile": -0.3650406201370225,
  "aos_g_mean": 4.38657283782959,
  "aos_g_peak": 8.115402221679688,
  "per_organ_theta_baseline": {
    "anima": 0.2702489361085829,
    "eidolon": 0.40941330910331447,
    "mneme": 0.1552801403988657,
    "nous": 0.2218491969853905,
    "pneuma": 0.35859923385895864
  },
  "per_organ_theta_peak": {
    "anima": 0.21549403408081072,
    "eidolon": 0.46404775040244134,
    "mneme": 0.16815811396369984,
    "nous": 0.18574114921432122,
    "pneuma": 0.35942405430196583
  },
  "per_organ_theta_recovery": {
    "anima": 0.20518012925548446,
    "eidolon": 0.4377695434361039,
    "mneme": 0.1776974436752764,
    "nous": 0.2398401578624749,
    "pneuma": 0.35830941028674224
  },
  "cascade_time_to_peak": {
    "anima": 212,
    "eidolon": 205,
    "mneme": 223,
    "nous": 202,
    "pneuma": 200
  },
  "cascade_delay": 7,
  "recovery_asymmetry": 3,
  "adaptation_delta": 0.028356234332789443,
  "elapsed_s": 0.1355840601027012
}